customer_id,signup_date,region,segment,acquisition_channel,age,income
C00001,2024-12-30,Northeast,Consumer,Referral,38,28800
C00002,2024-08-04,Midwest,Consumer,Social,39,
C00003,2025-03-29,West,Consumer,Social,40,58300
C00004,2025-09-06,Midwest,Consumer,Search,38,62400
C00005,2025-01-07,Northeast,Consumer,Search,53,47000
C00006,2025-08-08,South,Corporate,Email,49,110200
C00007,2023-06-21,Northeast,Consumer,Email,29,82600
C00008,2023-02-04,Northeast,Consumer,Email,62,48500
C00009,2025-07-09,West,Small Business,Referral,53,50100
C00010,2025-09-21,South,Consumer,Search,38,47400
C00011,2023-11-21,Northeast,Corporate,Referral,35,98200
C00012,2023-08-15,West,Consumer,Search,28,54300
C00013,2024-07-31,Midwest,Consumer,Referral,39,53300
C00014,2023-05-30,West,Corporate,Referral,43,94200
C00015,2024-09-16,Midwest,Small Business,Search,54,
C00016,2025-06-06,Northeast,Consumer,Search,59,82600
C00017,2025-08-06,West,Corporate,Referral,18,105600
C00018,2024-09-02,West,Corporate,Search,30,78500
C00019,2023-07-05,Northeast,Corporate,Search,38,118200
C00020,2024-02-16,West,Consumer,Email,43,45100
C00021,2024-03-10,Midwest,Consumer,Email,44,66300
C00022,2025-10-12,Midwest,Consumer,Social,59,35500
C00023,2024-06-09,South,Small Business,Referral,37,58600
C00024,2023-02-18,Northeast,Consumer,Social,54,106800
C00025,2024-05-17,West,Corporate,Email,22,147800
C00026,2025-09-30,West,Consumer,Referral,27,22000
C00027,2023-09-06,West,Consumer,Email,37,107000
C00028,2025-07-29,Midwest,Consumer,Search,50,46000
C00029,2023-09-23,South,Small Business,Social,62,51900
C00030,2024-08-04,Northeast,Corporate,Email,31,50500
C00031,2023-10-14,Midwest,Consumer,Search,42,26000
C00032,2024-05-13,Midwest,Corporate,Referral,24,109100
C00033,2025-09-26,Northeast,Corporate,Social,53,140600
C00034,2024-07-12,Northeast,Corporate,Email,31,99800
C00035,2024-11-05,West,Consumer,Email,61,73500
C00036,2025-03-24,Northeast,Consumer,Email,40,61100
C00037,2023-05-29,Northeast,Consumer,Social,49,22000
C00038,2023-02-24,West,Consumer,Referral,27,80500
C00039,2024-08-02,West,Consumer,Search,54,82300
C00040,2023-02-15,West,Small Business,Referral,47,63200
C00041,2025-03-24,Midwest,Corporate,Search,38,85800
C00042,2025-10-07,South,Small Business,Social,36,54100
C00043,2025-07-12,West,Consumer,Search,54,50700
C00044,2025-09-12,South,Consumer,Social,18,81300
C00045,2023-01-06,Midwest,Consumer,Search,23,72500
C00046,2024-05-07,South,Consumer,Referral,37,40400
C00047,2025-04-10,West,Consumer,Referral,39,
C00048,2025-07-21,West,Corporate,Search,27,111300
C00049,2023-01-20,West,Corporate,Search,39,60100
C00050,2023-05-16,West,Corporate,Search,38,87400
C00051,2024-01-22,South,Consumer,Search,28,84000
C00052,2025-01-14,Midwest,Consumer,Search,40,34000
C00053,2024-03-20,Midwest,Consumer,Email,43,101300
C00054,2024-01-26,South,Corporate,Social,19,86900
C00055,2024-02-06,Midwest,Corporate,Search,53,101800
C00056,2025-05-22,South,Corporate,Social,43,116700
C00057,2025-09-25,South,Small Business,Search,24,126400
C00058,2023-01-02,West,Consumer,Email,37,115500
C00059,2024-10-05,Northeast,Consumer,Search,36,45800
C00060,2024-12-29,Northeast,Consumer,Search,62,44700
C00061,2024-05-24,West,Small Business,Referral,63,46000
C00062,2024-02-14,West,Consumer,Search,47,52000
C00063,2023-12-28,West,Small Business,Social,27,91800
C00064,2023-06-11,Northeast,Consumer,Search,42,28100
C00065,2024-12-20,South,Corporate,Email,69,83700
C00066,2023-11-09,Midwest,Consumer,Search,50,34200
C00067,2025-09-04,South,Consumer,Search,23,50400
C00068,2025-10-11,Northeast,Small Business,Social,18,68400
C00069,2025-01-26,South,Consumer,Social,33,59300
C00070,2024-07-25,South,Consumer,Search,34,89100
C00071,2024-08-31,Northeast,Corporate,Search,34,48500
C00072,2024-12-22,South,Consumer,Referral,39,60500
C00073,2025-07-12,West,Small Business,Social,37,74200
C00074,2025-10-11,West,Consumer,Social,32,22900
C00075,2025-02-05,Northeast,Corporate,Email,32,91200
C00076,2024-08-10,Midwest,Consumer,Social,23,39500
C00077,2023-03-23,Northeast,Consumer,Email,48,96300
C00078,2024-01-31,Northeast,Consumer,Social,44,48200
C00079,2024-12-17,South,Corporate,Social,48,130400
C00080,2023-08-14,Northeast,Consumer,Search,39,48100
C00081,2024-06-17,South,Corporate,Email,29,96000
C00082,2024-05-13,South,Small Business,Search,48,33500
C00083,2024-01-09,West,Corporate,Referral,29,107700
C00084,2023-10-17,South,Corporate,Social,19,26200
C00085,2025-10-25,Midwest,Corporate,Email,40,115200
C00086,2025-08-04,West,Small Business,Referral,46,90400
C00087,2023-12-04,South,Small Business,Email,35,71500
C00088,2023-07-07,South,Consumer,Email,43,43900
C00089,2024-12-21,West,Small Business,Referral,35,107900
C00090,2025-08-19,West,Small Business,Search,38,78100
C00091,2024-06-09,South,Small Business,Search,31,99600
C00092,2025-04-20,West,Small Business,Search,23,59900
C00093,2024-03-29,Northeast,Consumer,Search,39,45100
C00094,2024-01-16,South,Consumer,Search,37,63800
C00095,2023-07-01,South,Corporate,Email,46,79900
C00096,2025-01-15,West,Consumer,Search,41,80500
C00097,2024-08-22,West,Consumer,Referral,42,94100
C00098,2025-08-25,Midwest,Consumer,Referral,18,29000
C00099,2023-07-02,Northeast,Small Business,Search,49,118100
C00100,2023-05-25,West,Consumer,Search,33,22000
C00101,2023-07-25,South,Consumer,Social,33,27100
C00102,2025-04-25,Midwest,Consumer,Search,59,
C00103,2024-03-28,Northeast,Consumer,Social,45,46800
C00104,2025-10-12,West,Consumer,Referral,19,96300
C00105,2023-11-21,Midwest,Corporate,Email,40,73300
C00106,2024-02-16,Midwest,Small Business,Search,40,64000
C00107,2023-09-03,South,Small Business,Social,30,47800
C00108,2024-01-08,West,Corporate,Search,19,106100
C00109,2023-01-29,West,Corporate,Referral,30,136100
C00110,2024-05-02,South,Corporate,Search,43,84900
C00111,2025-06-26,South,Small Business,Email,43,70400
C00112,2025-04-02,West,Consumer,Search,22,55400
C00113,2023-03-01,South,Consumer,Social,35,48500
C00114,2023-02-09,Northeast,Corporate,Social,30,106400
C00115,2024-05-26,West,Small Business,Search,45,61100
C00116,2024-10-30,South,Small Business,Email,62,80900
C00117,2025-10-19,South,Consumer,Social,44,38400
C00118,2025-10-01,West,Consumer,Social,39,72000
C00119,2024-04-13,Northeast,Consumer,Search,44,32300
C00120,2024-10-22,West,Consumer,Search,38,24500
C00121,2023-03-06,Midwest,Consumer,Email,20,99000
C00122,2025-02-06,West,Small Business,Search,30,46400
C00123,2023-12-26,Northeast,Corporate,Search,47,97400
C00124,2024-11-18,Northeast,Consumer,Social,38,22000
C00125,2025-02-10,Northeast,Corporate,Email,39,92100
C00126,2023-11-08,Midwest,Consumer,Social,49,88400
C00127,2024-07-28,Midwest,Small Business,Referral,22,88400
C00128,2025-07-26,West,Consumer,Search,39,45300
C00129,2025-04-22,Midwest,Corporate,Search,18,93800
C00130,2024-12-08,West,Consumer,Search,70,47400
C00131,2023-02-06,South,Small Business,Search,33,83600
C00132,2023-09-21,South,Consumer,Email,43,119200
C00133,2023-04-05,Northeast,Corporate,Search,43,61400
C00134,2025-01-16,South,Corporate,Email,55,112200
C00135,2024-12-14,West,Consumer,Search,50,44700
C00136,2024-04-30,Midwest,Small Business,Search,35,73000
C00137,2023-07-26,Midwest,Corporate,Referral,28,106100
C00138,2024-01-29,West,Consumer,Referral,45,60900
C00139,2024-02-29,South,Consumer,Search,22,58900
C00140,2024-03-27,South,Consumer,Social,44,74300
C00141,2024-02-04,Northeast,Small Business,Search,71,45200
C00142,2023-10-24,South,Consumer,Search,61,65300
C00143,2025-05-10,Midwest,Corporate,Social,36,68000
C00144,2024-10-23,West,Corporate,Search,34,82600
C00145,2025-06-28,West,Consumer,Social,29,70800
C00146,2024-04-09,South,Corporate,Search,43,96400
C00147,2023-09-18,South,Small Business,Social,35,87200
C00148,2024-12-01,Northeast,Small Business,Search,42,95500
C00149,2023-03-04,West,Consumer,Email,35,26400
C00150,2024-02-13,South,Consumer,Referral,49,28000
C00151,2023-10-20,West,Corporate,Social,33,132400
C00152,2023-11-14,West,Consumer,Search,57,54900
C00153,2024-05-06,Midwest,Corporate,Social,35,74800
C00154,2023-07-14,West,Corporate,Email,18,68200
C00155,2023-08-23,West,Corporate,Search,51,101000
C00156,2024-07-07,Midwest,Corporate,Search,32,94400
C00157,2023-11-17,West,Consumer,Social,54,82300
C00158,2025-10-14,South,Corporate,Search,69,137000
C00159,2023-06-03,South,Corporate,Email,40,109700
C00160,2024-07-07,Midwest,Corporate,Referral,34,99400
C00161,2023-04-02,West,Consumer,Search,52,61000
C00162,2023-02-02,Northeast,Small Business,Social,57,84300
C00163,2023-12-04,South,Corporate,Social,37,94200
C00164,2024-09-15,West,Consumer,Search,27,64400
C00165,2024-12-28,West,Corporate,Email,45,117800
C00166,2024-09-11,Midwest,Consumer,Search,42,52000
C00167,2023-11-02,West,Consumer,Search,21,85800
C00168,2023-12-14,South,Corporate,Referral,55,143000
C00169,2024-12-27,Northeast,Small Business,Email,21,106500
C00170,2025-03-02,South,Consumer,Referral,38,78700
C00171,2025-07-29,Northeast,Consumer,Search,48,94600
C00172,2025-01-23,Northeast,Corporate,Referral,32,62600
C00173,2025-09-04,Midwest,Consumer,Social,46,102400
C00174,2023-12-20,South,Small Business,Search,18,64700
C00175,2025-08-27,West,Consumer,Social,33,39500
C00176,2025-07-03,Midwest,Consumer,Search,18,103300
C00177,2024-11-14,Midwest,Consumer,Referral,33,23100
C00178,2024-06-24,West,Consumer,Search,45,129500
C00179,2023-10-07,Midwest,Corporate,Search,18,96500
C00180,2024-08-22,South,Consumer,Social,29,89100
C00181,2024-11-24,South,Consumer,Search,33,
C00182,2024-06-13,South,Consumer,Search,39,119800
C00183,2025-02-01,South,Consumer,Referral,36,38300
C00184,2025-07-27,Midwest,Consumer,Email,57,22000
C00185,2023-11-25,Midwest,Consumer,Referral,28,71100
C00186,2025-01-23,Midwest,Small Business,Email,55,115400
C00187,2025-06-30,West,Consumer,Search,47,53500
C00188,2024-06-24,West,Consumer,Search,22,95100
C00189,2023-11-30,West,Consumer,Social,66,77800
C00190,2023-04-28,South,Consumer,Email,36,72300
C00191,2024-07-22,West,Corporate,Referral,30,133100
C00192,2024-06-25,Northeast,Consumer,Referral,33,43400
C00193,2024-11-12,Midwest,Consumer,Search,47,47800
C00194,2024-12-04,Northeast,Corporate,Search,42,73300
C00195,2025-10-26,West,Consumer,Email,22,46900
C00196,2025-04-02,West,Consumer,Referral,22,113700
C00197,2023-03-01,South,Small Business,Search,51,113700
C00198,2023-08-24,Midwest,Small Business,Search,21,121100
C00199,2024-10-13,South,Consumer,Referral,48,32700
C00200,2023-11-20,Midwest,Consumer,Search,40,22000
C00201,2025-10-05,South,Consumer,Referral,34,53600
C00202,2023-03-14,West,Small Business,Referral,39,41400
C00203,2023-01-04,South,Small Business,Search,42,118900
C00204,2025-10-25,Northeast,Consumer,Email,38,57400
C00205,2025-02-09,Northeast,Consumer,Search,28,52800
C00206,2023-03-29,South,Consumer,Email,45,45600
C00207,2024-04-10,Northeast,Small Business,Social,50,91500
C00208,2025-01-02,West,Consumer,Search,32,48500
C00209,2024-11-06,Northeast,Corporate,Social,29,112000
C00210,2023-10-27,West,Consumer,Search,38,85100
C00211,2023-11-20,South,Small Business,Search,24,46400
C00212,2025-07-10,West,Small Business,Social,25,96900
C00213,2025-10-06,South,Consumer,Search,33,
C00214,2023-03-04,Northeast,Consumer,Search,46,66900
C00215,2023-04-07,Northeast,Corporate,Social,53,90000
C00216,2024-12-14,West,Small Business,Email,49,95700
C00217,2023-01-20,Midwest,Corporate,Search,73,107500
C00218,2024-05-09,West,Small Business,Referral,30,94700
C00219,2024-11-05,Midwest,Consumer,Social,39,42100
C00220,2024-07-23,Midwest,Corporate,Social,38,70700
C00221,2023-08-11,Northeast,Consumer,Referral,31,33500
C00222,2024-03-05,Northeast,Corporate,Search,37,48000
C00223,2023-07-22,Midwest,Consumer,Email,46,70900
C00224,2025-06-03,Northeast,Consumer,Search,32,84600
C00225,2023-08-27,Northeast,Small Business,Referral,41,123200
C00226,2024-05-13,Midwest,Consumer,Referral,53,53800
C00227,2023-04-17,South,Consumer,Social,30,80700
C00228,2025-03-14,West,Consumer,Referral,53,28400
C00229,2023-01-02,Midwest,Corporate,Email,62,150100
C00230,2025-06-08,West,Corporate,Email,26,57700
C00231,2024-03-10,Midwest,Consumer,Social,41,102700
C00232,2025-01-14,Midwest,Consumer,Email,36,32200
C00233,2023-07-12,Midwest,Consumer,Email,41,26800
C00234,2024-08-18,Northeast,Small Business,Search,48,32500
C00235,2024-11-27,Northeast,Consumer,Social,32,22000
C00236,2025-04-25,Northeast,Corporate,Search,29,112700
C00237,2023-05-01,South,Corporate,Search,30,136500
C00238,2025-09-07,Midwest,Small Business,Search,24,52600
C00239,2024-07-14,West,Small Business,Email,57,134700
C00240,2024-02-06,South,Consumer,Search,44,126000
C00241,2024-09-11,West,Consumer,Search,42,43300
C00242,2025-11-03,Midwest,Consumer,Referral,61,52600
C00243,2023-10-25,Northeast,Small Business,Referral,26,77500
C00244,2024-04-13,South,Consumer,Referral,30,35600
C00245,2025-08-18,West,Corporate,Social,44,39800
C00246,2023-10-08,South,Consumer,Social,48,
C00247,2023-03-12,South,Small Business,Search,19,83400
C00248,2024-06-21,West,Consumer,Email,42,35800
C00249,2023-01-27,West,Corporate,Search,37,89100
C00250,2023-11-05,South,Corporate,Search,23,97300
C00251,2024-08-01,Northeast,Consumer,Search,57,42900
C00252,2024-01-18,West,Consumer,Social,65,45600
C00253,2024-12-30,Northeast,Consumer,Email,21,65000
C00254,2024-06-06,Midwest,Consumer,Search,44,59800
C00255,2024-04-20,South,Small Business,Email,49,117300
C00256,2024-08-18,South,Consumer,Search,25,89300
C00257,2023-03-23,Northeast,Consumer,Social,19,64900
C00258,2024-07-07,South,Corporate,Email,40,82000
C00259,2025-08-15,West,Consumer,Social,44,113400
C00260,2025-05-02,South,Small Business,Search,54,53700
C00261,2023-04-27,Midwest,Consumer,Referral,28,85800
C00262,2023-06-06,West,Consumer,Search,31,80300
C00263,2025-04-29,Northeast,Corporate,Referral,36,110100
C00264,2024-03-22,South,Small Business,Search,25,81200
C00265,2024-08-06,Northeast,Corporate,Search,42,90300
C00266,2023-07-24,West,Consumer,Email,26,36700
C00267,2024-04-18,West,Corporate,Referral,44,109700
C00268,2024-10-05,South,Corporate,Search,18,33400
C00269,2024-11-25,Midwest,Corporate,Search,50,109700
C00270,2023-09-22,Midwest,Consumer,Search,43,
C00271,2023-09-12,Northeast,Consumer,Referral,52,50700
C00272,2023-10-16,South,Consumer,Email,51,39300
C00273,2025-03-03,Northeast,Consumer,Email,18,27800
C00274,2023-03-01,West,Consumer,Social,27,37300
C00275,2023-09-09,South,Consumer,Referral,38,55000
C00276,2024-05-02,South,Consumer,Email,23,72800
C00277,2023-09-08,South,Corporate,Email,40,128000
C00278,2025-04-11,Northeast,Corporate,Social,26,98500
C00279,2025-02-08,West,Consumer,Search,27,89200
C00280,2025-05-13,West,Corporate,Social,18,90800
C00281,2025-04-05,West,Consumer,Referral,38,34100
C00282,2025-02-08,South,Small Business,Referral,34,92400
C00283,2023-09-10,West,Corporate,Email,18,83300
C00284,2024-08-12,Midwest,Small Business,Social,29,81500
C00285,2025-02-14,South,Corporate,Search,47,110000
C00286,2025-10-14,South,Small Business,Email,39,81900
C00287,2024-08-15,South,Corporate,Search,35,106300
C00288,2025-05-18,West,Consumer,Search,44,63600
C00289,2025-10-15,West,Corporate,Email,40,131300
C00290,2023-05-03,Northeast,Consumer,Search,40,103600
C00291,2025-03-30,West,Consumer,Email,41,69100
C00292,2024-07-04,South,Corporate,Email,36,80800
C00293,2025-02-14,Midwest,Small Business,Referral,37,39900
C00294,2023-10-11,Northeast,Consumer,Referral,23,51500
C00295,2023-12-15,South,Small Business,Referral,40,82500
C00296,2025-08-31,West,Consumer,Social,36,33700
C00297,2023-11-02,South,Consumer,Referral,54,22000
C00298,2024-09-25,West,Small Business,Search,39,80400
C00299,2024-09-05,South,Consumer,Email,67,56300
C00300,2024-11-09,Midwest,Small Business,Referral,35,94000
C00301,2023-08-29,Midwest,Corporate,Email,26,65600
C00302,2024-01-08,South,Corporate,Referral,27,62500
C00303,2024-06-16,South,Consumer,Social,30,60500
C00304,2025-04-20,Northeast,Consumer,Search,46,74700
C00305,2025-08-18,South,Consumer,Social,46,98900
C00306,2023-05-20,Midwest,Consumer,Social,29,22000
C00307,2024-01-22,Midwest,Small Business,Referral,26,78000
C00308,2024-04-14,South,Corporate,Search,42,107600
C00309,2024-03-12,South,Small Business,Search,32,28900
C00310,2025-02-27,Northeast,Small Business,Search,21,101300
C00311,2024-08-13,South,Consumer,Social,32,62100
C00312,2024-10-14,West,Consumer,Referral,35,83100
C00313,2025-03-20,West,Consumer,Search,47,104000
C00314,2023-02-15,West,Corporate,Referral,31,109200
C00315,2025-11-15,Midwest,Consumer,Social,18,63600
C00316,2024-07-25,Midwest,Consumer,Referral,38,78100
C00317,2024-08-31,Northeast,Consumer,Search,48,76000
C00318,2024-01-19,Midwest,Consumer,Email,27,62500
C00319,2024-11-22,South,Small Business,Social,30,73700
C00320,2025-05-30,West,Consumer,Search,37,58300
C00321,2023-07-19,Northeast,Corporate,Search,36,87300
C00322,2025-02-09,Northeast,Consumer,Social,37,24600
C00323,2023-08-18,Midwest,Consumer,Social,42,69100
C00324,2025-05-24,South,Small Business,Search,19,86700
C00325,2025-11-14,Northeast,Corporate,Email,33,84100
C00326,2025-04-24,South,Consumer,Email,36,59500
C00327,2025-08-05,South,Consumer,Referral,45,92800
C00328,2023-10-04,West,Consumer,Social,31,22000
C00329,2024-10-08,West,Corporate,Social,61,91700
C00330,2023-06-04,South,Small Business,Email,29,132600
C00331,2025-08-23,West,Corporate,Social,45,132300
C00332,2025-10-27,West,Consumer,Search,53,25100
C00333,2025-09-11,South,Corporate,Referral,41,64200
C00334,2024-06-22,West,Consumer,Email,18,78600
C00335,2023-06-14,West,Consumer,Social,25,71000
C00336,2024-05-04,West,Consumer,Social,45,82800
C00337,2024-01-19,South,Corporate,Search,56,98500
C00338,2023-03-03,South,Small Business,Social,64,59500
C00339,2025-11-13,South,Small Business,Search,38,100400
C00340,2023-09-08,Northeast,Consumer,Search,44,57900
C00341,2025-01-02,Northeast,Consumer,Search,41,89400
C00342,2025-01-22,Northeast,Small Business,Search,24,77800
C00343,2024-03-15,Midwest,Small Business,Email,30,112700
C00344,2024-06-04,West,Small Business,Referral,46,58200
C00345,2024-05-03,South,Small Business,Social,68,78500
C00346,2023-07-07,West,Consumer,Email,50,76100
C00347,2025-03-03,West,Consumer,Search,26,79400
C00348,2024-07-31,South,Consumer,Search,22,64000
C00349,2025-01-27,West,Consumer,Referral,48,29600
C00350,2023-07-13,South,Consumer,Email,32,44300
C00351,2025-03-09,West,Corporate,Email,41,115500
C00352,2025-07-31,West,Consumer,Search,27,45700
C00353,2024-07-22,Northeast,Small Business,Social,30,79500
C00354,2023-03-17,Northeast,Corporate,Email,50,51200
C00355,2025-07-08,Northeast,Small Business,Search,39,110600
C00356,2025-11-08,West,Consumer,Search,33,22000
C00357,2025-03-22,West,Small Business,Referral,42,79000
C00358,2025-04-20,Northeast,Consumer,Search,27,27500
C00359,2025-05-19,West,Corporate,Search,51,166700
C00360,2023-03-05,West,Small Business,Referral,57,72600
C00361,2025-03-23,West,Consumer,Email,50,105600
C00362,2025-07-15,Northeast,Consumer,Email,41,114000
C00363,2025-09-30,South,Consumer,Email,18,22000
C00364,2024-06-28,Midwest,Corporate,Search,38,90700
C00365,2023-07-02,Midwest,Consumer,Social,21,55200
C00366,2025-09-23,West,Consumer,Email,35,124500
C00367,2025-08-12,Northeast,Small Business,Social,37,52700
C00368,2025-06-17,Midwest,Consumer,Email,55,51800
C00369,2025-08-19,Midwest,Corporate,Referral,47,84500
C00370,2025-07-10,West,Consumer,Search,66,59100
C00371,2024-09-20,Midwest,Consumer,Social,63,80400
C00372,2023-01-10,West,Consumer,Search,35,46800
C00373,2023-04-12,South,Consumer,Social,18,41800
C00374,2025-01-16,South,Small Business,Social,18,118100
C00375,2024-08-07,West,Consumer,Email,42,49000
C00376,2024-10-02,West,Corporate,Search,37,74200
C00377,2024-01-25,South,Corporate,Email,41,139200
C00378,2025-04-18,Northeast,Consumer,Referral,39,74400
C00379,2023-03-21,West,Consumer,Email,52,30100
C00380,2024-11-08,South,Consumer,Search,21,57700
C00381,2025-09-05,South,Consumer,Search,36,35100
C00382,2025-07-07,South,Consumer,Search,43,89400
C00383,2025-04-02,Midwest,Consumer,Search,67,49200
C00384,2024-01-31,Northeast,Consumer,Search,34,98600
C00385,2023-12-24,South,Consumer,Referral,33,36800
C00386,2023-01-31,Midwest,Corporate,Social,25,121300
C00387,2024-07-24,South,Corporate,Referral,20,126700
C00388,2024-09-14,South,Consumer,Search,37,40000
C00389,2025-01-16,Northeast,Consumer,Social,36,65800
C00390,2025-03-06,South,Corporate,Social,41,68100
C00391,2025-04-28,West,Consumer,Social,41,87900
C00392,2024-07-02,South,Corporate,Email,32,126700
C00393,2023-01-26,South,Consumer,Email,56,59900
C00394,2024-08-22,West,Small Business,Search,18,123800
C00395,2025-05-23,Northeast,Consumer,Search,45,44400
C00396,2025-11-04,West,Corporate,Social,48,131100
C00397,2024-09-08,West,Consumer,Referral,29,22000
C00398,2025-05-31,Northeast,Consumer,Email,66,62200
C00399,2024-01-27,West,Consumer,Search,47,22000
C00400,2024-10-23,Midwest,Consumer,Referral,47,38700
C00401,2025-07-23,Northeast,Consumer,Social,56,93600
C00402,2025-06-01,Northeast,Corporate,Email,47,110400
C00403,2025-04-03,South,Consumer,Social,35,34300
C00404,2023-09-29,West,Corporate,Social,35,138600
C00405,2024-02-18,West,Consumer,Search,40,101800
C00406,2023-08-12,West,Small Business,Email,63,75500
C00407,2024-10-14,West,Consumer,Search,35,39100
C00408,2025-01-15,Northeast,Consumer,Email,34,27800
C00409,2023-01-04,West,Consumer,Search,39,57600
C00410,2023-10-06,West,Consumer,Search,42,42200
C00411,2023-06-28,South,Small Business,Search,44,25400
C00412,2025-01-30,West,Corporate,Search,51,84100
C00413,2023-09-17,South,Consumer,Email,23,50800
C00414,2025-06-02,South,Corporate,Email,52,125900
C00415,2024-07-14,Northeast,Small Business,Search,52,114000
C00416,2025-01-31,West,Small Business,Referral,37,84700
C00417,2024-03-17,South,Corporate,Email,31,73800
C00418,2025-01-09,Northeast,Consumer,Search,49,61100
C00419,2023-06-11,West,Consumer,Social,35,82200
C00420,2024-07-24,Midwest,Small Business,Search,18,65800
C00421,2023-08-23,West,Consumer,Search,27,69300
C00422,2024-10-23,Northeast,Consumer,Social,18,69100
C00423,2025-09-07,Northeast,Small Business,Email,31,90800
C00424,2024-03-30,West,Corporate,Email,35,116200
C00425,2024-11-04,South,Consumer,Email,33,79700
C00426,2024-12-10,West,Corporate,Referral,30,110700
C00427,2023-12-10,South,Consumer,Social,40,41300
C00428,2025-09-25,Northeast,Small Business,Search,18,103800
C00429,2023-04-12,South,Consumer,Social,49,38800
C00430,2023-11-26,South,Corporate,Social,45,128500
C00431,2023-02-23,Northeast,Consumer,Email,64,46000
C00432,2024-07-09,West,Consumer,Referral,24,42200
C00433,2023-05-18,Northeast,Consumer,Referral,18,62500
C00434,2024-02-23,South,Consumer,Referral,62,52600
C00435,2023-11-18,Northeast,Corporate,Social,41,112900
C00436,2025-05-06,Northeast,Consumer,Social,50,37000
C00437,2023-05-23,South,Consumer,Social,33,47900
C00438,2023-06-09,West,Small Business,Search,44,38300
C00439,2024-11-09,South,Corporate,Social,29,87400
C00440,2023-05-02,Midwest,Consumer,Search,35,22000
C00441,2025-07-30,South,Consumer,Email,24,35700
C00442,2024-11-06,West,Consumer,Referral,51,78200
C00443,2025-07-22,West,Consumer,Search,50,39300
C00444,2024-06-18,South,Corporate,Email,41,131500
C00445,2025-10-10,West,Corporate,Social,22,85900
C00446,2024-04-05,Northeast,Small Business,Social,21,83500
C00447,2025-01-09,West,Consumer,Search,40,42900
C00448,2024-05-12,Northeast,Consumer,Referral,37,27200
C00449,2023-05-17,South,Consumer,Search,52,50300
C00450,2024-02-26,Northeast,Corporate,Social,18,152000
C00451,2025-03-28,South,Consumer,Email,46,104800
C00452,2023-04-04,South,Corporate,Email,23,91100
C00453,2024-05-30,South,Small Business,Search,40,84900
C00454,2025-05-16,Northeast,Corporate,Referral,54,65800
C00455,2024-12-19,West,Corporate,Search,30,108600
C00456,2023-06-10,West,Small Business,Email,25,119000
C00457,2025-08-19,Midwest,Consumer,Search,39,63700
C00458,2024-01-17,Midwest,Small Business,Search,51,82300
C00459,2025-06-22,West,Corporate,Search,40,45800
C00460,2025-04-09,South,Small Business,Social,18,49800
C00461,2025-07-17,West,Consumer,Social,46,84600
C00462,2024-04-23,West,Consumer,Search,35,53900
C00463,2023-12-14,West,Consumer,Search,34,54500
C00464,2024-01-26,West,Consumer,Referral,52,78400
C00465,2025-11-10,Midwest,Consumer,Search,41,22000
C00466,2023-08-05,South,Corporate,Search,46,176900
C00467,2023-02-28,Northeast,Corporate,Referral,31,145900
C00468,2025-05-27,South,Corporate,Social,64,74400
C00469,2024-10-27,West,Consumer,Referral,24,26500
C00470,2025-08-15,Midwest,Consumer,Email,48,58800
C00471,2023-03-03,Midwest,Consumer,Social,28,87200
C00472,2025-02-03,West,Corporate,Email,49,68800
C00473,2024-09-18,South,Corporate,Email,35,81100
C00474,2025-01-06,West,Corporate,Social,29,102800
C00475,2025-01-28,West,Corporate,Email,43,35200
C00476,2024-07-31,West,Corporate,Search,43,113900
C00477,2024-11-16,Midwest,Consumer,Search,39,69800
C00478,2025-10-22,Northeast,Small Business,Email,50,94300
C00479,2025-07-17,Midwest,Corporate,Search,55,108600
C00480,2023-08-28,South,Consumer,Email,23,57300
C00481,2023-12-17,South,Consumer,Search,35,35800
C00482,2024-10-21,Northeast,Corporate,Referral,78,102600
C00483,2024-10-24,Northeast,Corporate,Referral,18,107900
C00484,2025-04-17,West,Corporate,Referral,53,85500
C00485,2024-04-25,Midwest,Corporate,Social,51,77100
C00486,2023-08-02,South,Small Business,Search,28,85200
C00487,2025-09-04,West,Small Business,Search,49,43700
C00488,2024-10-14,West,Corporate,Social,35,108600
C00489,2023-06-09,Northeast,Small Business,Email,46,110200
C00490,2024-06-12,West,Small Business,Referral,42,118400
C00491,2024-06-03,Northeast,Consumer,Search,58,61200
C00492,2025-01-27,Midwest,Small Business,Email,42,81800
C00493,2024-02-23,South,Small Business,Search,32,57900
C00494,2023-11-11,South,Consumer,Search,35,45200
C00495,2024-06-05,Northeast,Consumer,Social,18,82900
C00496,2023-02-25,Midwest,Consumer,Search,22,124500
C00497,2024-01-06,Northeast,Consumer,Social,33,47800
C00498,2023-05-08,West,Corporate,Email,37,118100
C00499,2023-03-12,Northeast,Corporate,Referral,31,90900
C00500,2025-04-22,West,Consumer,Social,30,49800
C00501,2025-10-10,South,Corporate,Search,22,130500
C00502,2023-12-12,Northeast,Corporate,Search,32,
C00503,2024-12-09,Midwest,Consumer,Referral,44,92700
C00504,2023-01-27,West,Consumer,Referral,22,84800
C00505,2024-12-03,South,Consumer,Referral,27,67500
C00506,2025-08-13,West,Consumer,Referral,51,83400
C00507,2025-04-20,South,Consumer,Email,26,78500
C00508,2023-08-26,West,Small Business,Social,67,85000
C00509,2023-05-29,Midwest,Small Business,Email,35,
C00510,2025-01-23,Northeast,Consumer,Social,38,95400
C00511,2024-07-28,West,Consumer,Search,47,68600
C00512,2024-12-08,Northeast,Small Business,Search,50,62900
C00513,2024-03-08,Midwest,Consumer,Email,22,75900
C00514,2023-04-07,West,Corporate,Email,32,114000
C00515,2023-03-09,Northeast,Consumer,Social,21,47900
C00516,2024-08-20,Northeast,Consumer,Social,32,65300
C00517,2025-05-24,South,Consumer,Search,25,27000
C00518,2023-03-21,Northeast,Small Business,Search,44,97000
C00519,2025-09-10,West,Consumer,Email,63,69000
C00520,2024-01-09,South,Small Business,Social,40,111900
C00521,2024-12-07,West,Corporate,Search,35,124500
C00522,2024-12-02,South,Small Business,Search,38,58000
C00523,2025-09-02,West,Small Business,Search,49,31200
C00524,2025-04-06,West,Consumer,Referral,34,53500
C00525,2024-01-07,South,Consumer,Email,45,71800
C00526,2025-05-26,West,Small Business,Search,24,99100
C00527,2025-01-24,South,Corporate,Referral,51,79500
C00528,2024-07-29,South,Consumer,Email,44,26000
C00529,2024-09-14,West,Small Business,Search,57,49700
C00530,2023-08-05,West,Corporate,Referral,31,96100
C00531,2024-06-24,South,Consumer,Social,32,55600
C00532,2024-07-07,South,Small Business,Social,24,67900
C00533,2025-10-18,Midwest,Small Business,Search,35,61300
C00534,2024-12-28,South,Corporate,Search,45,95900
C00535,2025-01-06,West,Consumer,Email,18,25700
C00536,2023-03-09,West,Corporate,Search,42,151500
C00537,2024-12-27,South,Small Business,Referral,46,71800
C00538,2024-04-11,South,Small Business,Search,52,71400
C00539,2025-07-29,Northeast,Consumer,Search,40,34900
C00540,2025-02-19,Midwest,Consumer,Search,50,28100
C00541,2024-07-06,West,Corporate,Email,41,83200
C00542,2025-07-09,West,Corporate,Referral,41,104700
C00543,2023-03-07,Midwest,Consumer,Search,47,51700
C00544,2024-08-26,South,Corporate,Referral,71,66300
C00545,2023-09-30,Midwest,Corporate,Email,64,90700
C00546,2025-01-12,South,Consumer,Email,32,51900
C00547,2024-08-24,Northeast,Corporate,Search,52,
C00548,2024-10-21,Northeast,Corporate,Search,36,113800
C00549,2023-04-09,South,Consumer,Email,54,60900
C00550,2023-08-09,South,Small Business,Referral,39,138000
C00551,2024-01-06,South,Consumer,Search,31,40300
C00552,2024-04-18,West,Corporate,Referral,38,80200
C00553,2025-05-05,South,Small Business,Referral,18,44500
C00554,2023-05-22,Northeast,Corporate,Social,45,102700
C00555,2024-06-16,Northeast,Consumer,Search,42,66100
C00556,2025-06-20,South,Consumer,Email,28,77500
C00557,2025-02-04,South,Corporate,Social,35,97000
C00558,2023-01-04,South,Consumer,Social,61,58200
C00559,2023-03-05,Midwest,Corporate,Social,29,123400
C00560,2025-08-12,Midwest,Corporate,Social,45,82200
C00561,2024-10-12,Midwest,Consumer,Social,53,80800
C00562,2025-01-30,South,Consumer,Email,48,50000
C00563,2025-01-18,West,Consumer,Referral,36,29300
C00564,2023-06-09,Midwest,Consumer,Social,56,62000
C00565,2023-10-06,West,Consumer,Search,48,94200
C00566,2025-02-22,South,Consumer,Social,28,46500
C00567,2025-02-12,West,Consumer,Referral,20,34700
C00568,2024-05-16,Northeast,Corporate,Email,50,119600
C00569,2023-09-30,South,Consumer,Search,18,96300
C00570,2023-07-11,South,Consumer,Email,31,80200
C00571,2024-03-17,Northeast,Consumer,Referral,48,48900
C00572,2023-05-24,Northeast,Consumer,Search,42,54600
C00573,2023-06-29,Midwest,Small Business,Email,40,57900
C00574,2024-10-15,Midwest,Small Business,Email,36,34800
C00575,2024-12-23,Northeast,Consumer,Search,48,64100
C00576,2025-03-21,Midwest,Small Business,Social,38,80200
C00577,2023-10-30,West,Corporate,Search,33,119900
C00578,2024-09-10,West,Corporate,Search,54,122000
C00579,2025-04-12,Northeast,Consumer,Social,34,93800
C00580,2024-07-09,Midwest,Consumer,Social,33,
C00581,2024-05-18,Midwest,Corporate,Search,33,105700
C00582,2025-05-16,West,Corporate,Referral,41,94200
C00583,2023-08-23,West,Corporate,Search,35,63800
C00584,2024-09-01,Midwest,Consumer,Social,43,37600
C00585,2025-09-04,West,Small Business,Referral,32,61100
C00586,2025-07-15,Northeast,Small Business,Social,37,103000
C00587,2023-08-09,Midwest,Small Business,Social,58,27500
C00588,2024-10-27,Northeast,Small Business,Referral,66,104100
C00589,2025-03-18,West,Small Business,Search,31,103000
C00590,2025-01-05,Northeast,Consumer,Social,54,91400
C00591,2024-05-13,Northeast,Consumer,Referral,38,89800
C00592,2023-10-07,Midwest,Corporate,Email,59,91300
C00593,2025-06-12,Northeast,Corporate,Email,18,110800
C00594,2023-05-31,West,Consumer,Email,38,70100
C00595,2023-05-03,West,Consumer,Email,25,54500
C00596,2023-06-02,West,Small Business,Search,37,66200
C00597,2023-08-15,West,Consumer,Referral,67,42600
C00598,2024-12-21,Midwest,Corporate,Search,30,100500
C00599,2025-03-18,Northeast,Corporate,Social,22,111000
C00600,2024-05-18,Northeast,Consumer,Search,37,64400
C00601,2025-10-29,Midwest,Small Business,Email,45,69900
C00602,2025-01-08,South,Consumer,Referral,61,66900
C00603,2024-03-24,West,Consumer,Social,48,40100
C00604,2023-10-10,South,Consumer,Search,30,68300
C00605,2025-01-09,Midwest,Small Business,Email,55,163200
C00606,2023-03-22,Midwest,Corporate,Email,66,87100
C00607,2024-08-22,South,Consumer,Referral,34,54000
C00608,2023-07-13,West,Consumer,Referral,34,50200
C00609,2024-03-22,South,Consumer,Search,35,59500
C00610,2023-03-01,Northeast,Small Business,Social,56,113500
C00611,2024-06-06,West,Consumer,Email,49,29900
C00612,2023-06-13,South,Consumer,Social,43,58700
C00613,2025-11-15,Northeast,Consumer,Social,37,68700
C00614,2024-09-16,South,Consumer,Search,36,22000
C00615,2025-10-27,West,Consumer,Email,43,22000
C00616,2025-11-11,West,Consumer,Search,50,54100
C00617,2024-02-12,West,Corporate,Email,54,73300
C00618,2024-09-13,South,Consumer,Search,51,47400
C00619,2024-11-25,Midwest,Small Business,Search,30,87800
C00620,2024-11-03,West,Small Business,Search,20,87900
C00621,2025-11-01,Midwest,Corporate,Social,65,114700
C00622,2025-03-23,West,Corporate,Search,24,81600
C00623,2025-04-25,Midwest,Consumer,Social,47,66200
C00624,2025-05-18,South,Consumer,Social,48,60500
C00625,2023-08-22,South,Consumer,Search,28,62600
C00626,2023-05-21,Northeast,Small Business,Social,51,53700
C00627,2023-12-04,West,Consumer,Social,54,74500
C00628,2023-11-13,Northeast,Corporate,Social,25,74900
C00629,2025-10-10,South,Consumer,Email,31,104600
C00630,2023-06-17,Northeast,Consumer,Search,55,51200
C00631,2023-07-06,Northeast,Consumer,Social,26,77000
C00632,2025-06-21,West,Consumer,Search,37,55700
C00633,2024-05-29,Midwest,Consumer,Search,35,63700
C00634,2023-11-03,Midwest,Consumer,Social,41,96400
C00635,2024-10-01,Midwest,Small Business,Social,51,79000
C00636,2025-05-23,West,Consumer,Search,27,53800
C00637,2023-01-19,Midwest,Consumer,Social,75,77300
C00638,2023-11-26,West,Consumer,Email,40,80400
C00639,2025-02-28,Northeast,Consumer,Search,52,78400
C00640,2025-05-01,Midwest,Consumer,Referral,28,101000
C00641,2023-04-28,Northeast,Consumer,Email,61,22000
C00642,2024-10-25,West,Corporate,Search,48,88400
C00643,2024-09-27,Midwest,Small Business,Email,40,75600
C00644,2025-01-23,Midwest,Small Business,Referral,53,75200
C00645,2024-03-21,West,Consumer,Search,53,36200
C00646,2024-11-05,Midwest,Corporate,Search,42,97300
C00647,2024-04-18,West,Consumer,Email,49,90700
C00648,2024-07-07,Northeast,Consumer,Search,22,84400
C00649,2024-08-23,South,Small Business,Referral,44,80500
C00650,2024-11-13,West,Consumer,Search,28,36300
C00651,2023-05-13,Northeast,Corporate,Social,50,100900
C00652,2023-09-02,South,Corporate,Search,49,138100
C00653,2023-06-13,Northeast,Consumer,Search,42,60600
C00654,2023-01-28,South,Corporate,Search,32,112200
C00655,2025-04-06,Northeast,Small Business,Social,50,77300
C00656,2025-07-14,Northeast,Consumer,Search,53,47100
C00657,2023-07-12,Northeast,Consumer,Search,21,49400
C00658,2024-08-20,Midwest,Consumer,Email,34,55100
C00659,2023-03-09,West,Small Business,Referral,64,80800
C00660,2025-02-23,Midwest,Consumer,Search,37,38800
C00661,2024-03-16,Northeast,Corporate,Search,41,75900
C00662,2023-10-11,Midwest,Corporate,Social,37,88200
C00663,2025-02-07,Midwest,Consumer,Search,32,87200
C00664,2025-11-02,South,Consumer,Referral,34,41300
C00665,2024-03-16,West,Corporate,Search,25,93600
C00666,2025-09-08,South,Corporate,Social,44,82000
C00667,2023-11-12,South,Corporate,Search,48,78700
C00668,2023-12-28,West,Consumer,Referral,57,44100
C00669,2023-10-13,South,Consumer,Social,42,64700
C00670,2024-01-17,West,Consumer,Search,39,22700
C00671,2023-06-17,West,Consumer,Referral,31,75300
C00672,2025-02-01,Northeast,Consumer,Email,59,61700
C00673,2023-11-19,South,Consumer,Search,51,66300
C00674,2023-02-11,Northeast,Corporate,Email,59,101000
C00675,2023-06-30,South,Corporate,Email,26,73500
C00676,2025-03-02,West,Corporate,Email,55,81700
C00677,2023-11-04,Midwest,Consumer,Search,59,45200
C00678,2024-07-29,West,Consumer,Search,32,84900
C00679,2025-06-09,South,Small Business,Search,37,51800
C00680,2024-09-02,South,Consumer,Social,77,91900
C00681,2025-07-14,West,Corporate,Social,50,72900
C00682,2023-06-02,West,Corporate,Search,25,64500
C00683,2024-06-16,Midwest,Corporate,Social,58,106600
C00684,2024-09-16,West,Corporate,Email,43,150400
C00685,2023-12-03,West,Small Business,Referral,59,79900
C00686,2023-08-10,West,Consumer,Email,39,50600
C00687,2023-02-17,South,Consumer,Social,40,75900
C00688,2025-04-10,West,Consumer,Email,47,57200
C00689,2025-01-05,West,Small Business,Search,43,101700
C00690,2024-07-06,Midwest,Consumer,Search,35,118400
C00691,2023-08-22,South,Consumer,Referral,26,86600
C00692,2025-09-07,South,Consumer,Email,27,22000
C00693,2023-09-18,South,Small Business,Referral,45,81500
C00694,2024-08-24,South,Consumer,Search,38,122900
C00695,2024-09-13,West,Small Business,Email,44,99700
C00696,2025-04-29,West,Consumer,Search,20,53300
C00697,2024-03-28,West,Consumer,Email,59,104000
C00698,2023-12-06,South,Consumer,Social,57,71700
C00699,2024-05-14,Midwest,Small Business,Search,43,22700
C00700,2023-06-10,Northeast,Consumer,Referral,47,23900
C00701,2025-07-26,South,Corporate,Social,47,95500
C00702,2023-08-03,Midwest,Small Business,Social,44,114600
C00703,2024-10-07,South,Small Business,Social,36,128400
C00704,2023-03-31,West,Consumer,Referral,58,75800
C00705,2024-05-24,West,Consumer,Email,38,85300
C00706,2023-08-08,West,Small Business,Referral,39,76200
C00707,2024-02-18,West,Consumer,Search,62,86000
C00708,2023-05-18,Midwest,Consumer,Search,43,58000
C00709,2025-08-13,Northeast,Corporate,Email,35,75300
C00710,2023-12-28,South,Consumer,Social,52,84500
C00711,2025-03-27,Northeast,Corporate,Search,53,99000
C00712,2023-06-02,West,Consumer,Social,18,70200
C00713,2025-02-06,South,Consumer,Email,50,50100
C00714,2025-06-30,South,Corporate,Email,31,106100
C00715,2024-01-03,West,Small Business,Search,56,115800
C00716,2025-02-13,Midwest,Consumer,Referral,33,79200
C00717,2025-04-06,West,Consumer,Search,39,25800
C00718,2023-02-07,Midwest,Consumer,Social,32,
C00719,2023-04-10,West,Small Business,Social,26,94800
C00720,2023-01-01,West,Small Business,Email,47,71900
C00721,2023-09-25,Midwest,Corporate,Referral,25,106100
C00722,2023-10-26,West,Consumer,Search,19,22000
C00723,2025-05-03,Northeast,Small Business,Email,34,65300
C00724,2024-11-06,West,Corporate,Email,37,115100
C00725,2025-07-22,West,Consumer,Referral,25,44200
C00726,2023-03-22,West,Consumer,Search,36,105200
C00727,2023-11-21,Midwest,Consumer,Social,41,25500
C00728,2025-06-12,South,Consumer,Referral,45,74400
C00729,2023-07-25,South,Consumer,Email,36,46000
C00730,2025-06-10,West,Consumer,Social,70,34900
C00731,2025-02-28,South,Consumer,Search,67,36600
C00732,2024-03-31,South,Consumer,Search,61,
C00733,2024-08-20,Northeast,Consumer,Search,50,39500
C00734,2025-03-21,Northeast,Small Business,Referral,28,107100
C00735,2025-05-20,South,Consumer,Search,53,34300
C00736,2023-05-05,Northeast,Corporate,Referral,55,97100
C00737,2024-10-28,Midwest,Corporate,Social,64,101600
C00738,2023-10-13,Northeast,Corporate,Social,37,71800
C00739,2024-10-03,Northeast,Consumer,Search,34,
C00740,2023-02-15,West,Consumer,Social,18,105600
C00741,2023-12-27,Northeast,Consumer,Social,28,98100
C00742,2024-06-23,West,Consumer,Referral,55,38900
C00743,2023-09-06,South,Consumer,Email,40,73800
C00744,2025-04-02,South,Consumer,Search,18,82800
C00745,2024-08-03,Northeast,Corporate,Social,18,90800
C00746,2023-11-26,West,Consumer,Social,56,86000
C00747,2025-06-01,South,Consumer,Email,18,95700
C00748,2024-06-10,Midwest,Consumer,Social,34,57300
C00749,2023-05-17,West,Consumer,Social,41,131200
C00750,2023-06-20,West,Small Business,Email,58,85200
C00751,2023-12-27,Northeast,Consumer,Referral,62,55100
C00752,2023-02-01,West,Corporate,Email,36,120100
C00753,2025-06-05,Northeast,Corporate,Search,26,108800
C00754,2023-12-11,Midwest,Small Business,Social,53,90500
C00755,2025-11-09,Northeast,Consumer,Social,71,67600
C00756,2025-10-30,Midwest,Small Business,Search,38,75900
C00757,2024-07-24,West,Consumer,Social,19,44200
C00758,2023-09-11,West,Consumer,Email,35,78600
C00759,2025-05-15,South,Corporate,Search,57,63400
C00760,2023-08-14,Northeast,Small Business,Social,51,71700
C00761,2024-02-28,South,Corporate,Email,18,87400
C00762,2024-09-30,South,Consumer,Email,51,77600
C00763,2024-02-06,South,Consumer,Social,28,
C00764,2023-07-19,Northeast,Consumer,Email,44,86000
C00765,2023-09-28,Northeast,Consumer,Referral,37,109200
C00766,2025-09-28,South,Consumer,Referral,46,53400
C00767,2024-02-29,Northeast,Consumer,Referral,50,61100
C00768,2023-05-26,West,Consumer,Search,18,33300
C00769,2023-10-02,Midwest,Consumer,Email,33,70500
C00770,2024-08-12,Midwest,Consumer,Email,45,64800
C00771,2023-11-12,West,Corporate,Social,29,51500
C00772,2023-01-17,South,Consumer,Referral,18,39700
C00773,2024-03-27,West,Consumer,Search,52,72800
C00774,2025-11-13,West,Consumer,Referral,29,44600
C00775,2024-10-02,Northeast,Consumer,Referral,50,39700
C00776,2024-10-30,West,Consumer,Email,24,53000
C00777,2025-04-11,South,Consumer,Social,18,76800
C00778,2024-12-16,West,Consumer,Referral,43,58700
C00779,2025-04-25,Midwest,Corporate,Search,49,131200
C00780,2024-08-02,South,Corporate,Social,52,128000
C00781,2023-07-17,West,Consumer,Social,35,50500
C00782,2023-08-02,West,Consumer,Search,44,71700
C00783,2023-04-01,Midwest,Consumer,Email,32,50100
C00784,2024-05-18,Midwest,Corporate,Social,35,90300
C00785,2025-10-27,West,Small Business,Search,47,80200
C00786,2023-12-26,South,Corporate,Social,56,128000
C00787,2023-03-10,West,Consumer,Search,38,68500
C00788,2024-02-18,Northeast,Consumer,Email,41,47000
C00789,2023-07-08,Northeast,Consumer,Search,19,84500
C00790,2025-10-30,Northeast,Small Business,Email,41,81300
C00791,2024-05-08,West,Consumer,Referral,45,72300
C00792,2024-09-02,South,Consumer,Email,28,32900
C00793,2025-03-07,South,Consumer,Search,45,65900
C00794,2024-02-26,South,Small Business,Email,50,113000
C00795,2023-10-07,Midwest,Corporate,Referral,24,33200
C00796,2023-09-24,Northeast,Small Business,Social,40,93200
C00797,2023-07-08,Northeast,Corporate,Referral,38,93000
C00798,2024-09-11,Midwest,Consumer,Search,43,22000
C00799,2025-05-23,West,Consumer,Search,18,81400
C00800,2024-07-12,South,Corporate,Search,42,64500
C00801,2024-02-08,West,Consumer,Social,30,47500
C00802,2024-10-08,Midwest,Consumer,Email,40,54100
C00803,2023-03-28,South,Corporate,Email,62,76800
C00804,2025-07-31,South,Consumer,Referral,54,44700
C00805,2025-03-18,West,Small Business,Social,20,131900
C00806,2023-07-13,Midwest,Small Business,Search,51,75700
C00807,2024-12-12,South,Consumer,Social,29,24700
C00808,2024-03-24,West,Consumer,Email,58,31700
C00809,2025-08-14,South,Consumer,Social,29,77400
C00810,2025-07-02,Northeast,Corporate,Email,37,49000
C00811,2025-01-16,Midwest,Small Business,Referral,37,32200
C00812,2024-02-11,Northeast,Small Business,Email,64,89400
C00813,2023-03-11,South,Consumer,Email,50,90900
C00814,2025-02-01,Midwest,Consumer,Email,24,48800
C00815,2024-06-22,Northeast,Corporate,Social,37,130900
C00816,2023-01-28,South,Corporate,Search,44,94700
C00817,2024-12-30,South,Small Business,Search,20,76700
C00818,2023-08-16,West,Corporate,Email,18,115300
C00819,2024-05-04,Midwest,Consumer,Search,33,36400
C00820,2024-10-30,South,Corporate,Search,39,119300
C00821,2024-07-12,South,Consumer,Search,47,39300
C00822,2024-12-05,West,Corporate,Social,25,142500
C00823,2025-10-14,Midwest,Small Business,Social,21,81800
C00824,2023-08-11,Northeast,Small Business,Social,29,113200
C00825,2025-10-26,West,Consumer,Social,36,22000
C00826,2025-02-06,Northeast,Small Business,Referral,47,94400
C00827,2025-09-12,South,Corporate,Social,29,138400
C00828,2023-10-26,Northeast,Consumer,Referral,70,55200
C00829,2025-05-15,Midwest,Small Business,Social,46,75000
C00830,2024-05-12,West,Consumer,Search,41,84300
C00831,2024-06-03,South,Corporate,Social,58,137000
C00832,2025-03-14,West,Consumer,Search,66,64000
C00833,2024-07-22,West,Small Business,Social,18,111700
C00834,2023-07-05,Northeast,Consumer,Referral,27,56200
C00835,2025-01-21,Northeast,Consumer,Referral,41,95400
C00836,2025-07-01,Midwest,Corporate,Search,32,61500
C00837,2025-02-02,South,Consumer,Social,50,62700
C00838,2025-08-23,South,Consumer,Referral,26,80600
C00839,2024-09-27,Midwest,Consumer,Social,43,92600
C00840,2024-04-18,West,Consumer,Email,44,47400
C00841,2024-02-11,Midwest,Consumer,Search,37,105200
C00842,2024-05-24,Midwest,Consumer,Email,63,24300
C00843,2024-11-28,Northeast,Consumer,Search,49,35700
C00844,2023-12-12,Midwest,Consumer,Search,18,105700
C00845,2023-05-21,West,Corporate,Search,43,126500
C00846,2023-09-22,Northeast,Small Business,Social,18,102100
C00847,2025-01-04,Midwest,Corporate,Social,36,61000
C00848,2024-03-23,West,Consumer,Referral,29,64600
C00849,2024-07-07,West,Small Business,Referral,61,69000
C00850,2023-02-15,Northeast,Corporate,Social,34,98300
C00851,2025-03-26,South,Consumer,Referral,46,61600
C00852,2025-04-27,West,Corporate,Search,49,95600
C00853,2023-04-13,Northeast,Consumer,Email,36,95000
C00854,2023-05-10,Midwest,Consumer,Search,41,22000
C00855,2024-04-01,South,Consumer,Email,58,81000
C00856,2025-09-17,West,Consumer,Search,31,31200
C00857,2025-04-24,West,Consumer,Referral,65,123900
C00858,2025-04-21,West,Consumer,Email,56,26500
C00859,2024-08-30,West,Consumer,Search,37,36200
C00860,2025-03-19,South,Consumer,Search,30,42400
C00861,2025-09-16,Midwest,Small Business,Search,33,72400
C00862,2024-01-06,South,Consumer,Email,30,74300
C00863,2024-12-01,West,Consumer,Search,41,62900
C00864,2024-02-06,Midwest,Consumer,Search,35,79500
C00865,2025-04-03,West,Consumer,Referral,36,83300
C00866,2023-07-16,Midwest,Small Business,Social,48,65700
C00867,2023-04-18,West,Consumer,Referral,40,60200
C00868,2024-04-04,South,Consumer,Referral,29,22000
C00869,2024-04-03,West,Corporate,Social,22,128200
C00870,2024-06-09,Northeast,Consumer,Search,53,29900
C00871,2025-09-28,South,Small Business,Social,41,93500
C00872,2024-09-08,South,Small Business,Email,30,105000
C00873,2025-01-20,Northeast,Consumer,Search,31,27300
C00874,2025-05-24,South,Consumer,Email,34,66400
C00875,2024-03-10,South,Consumer,Social,38,102600
C00876,2024-07-11,West,Small Business,Social,30,117300
C00877,2023-01-29,Northeast,Consumer,Search,50,22000
C00878,2023-09-23,Northeast,Consumer,Referral,52,
C00879,2024-10-09,South,Consumer,Email,32,45700
C00880,2024-06-21,Northeast,Consumer,Search,47,71200
C00881,2024-07-20,South,Consumer,Email,42,90900
C00882,2023-05-05,West,Small Business,Social,34,75600
C00883,2025-01-23,South,Consumer,Referral,34,77800
C00884,2023-12-10,West,Corporate,Social,47,88300
C00885,2023-05-31,South,Consumer,Email,21,72400
C00886,2024-10-07,Northeast,Small Business,Email,46,27800
C00887,2024-01-26,South,Corporate,Referral,39,88300
C00888,2023-07-20,West,Corporate,Email,48,119200
C00889,2025-10-27,Northeast,Consumer,Social,23,50400
C00890,2024-07-03,Northeast,Consumer,Search,27,87500
C00891,2023-01-06,West,Corporate,Search,25,117700
C00892,2023-01-28,West,Consumer,Social,32,41900
C00893,2024-08-05,West,Consumer,Social,36,70900
C00894,2025-08-30,Midwest,Small Business,Social,43,67700
C00895,2024-06-22,Northeast,Corporate,Email,33,112500
C00896,2023-01-09,Midwest,Corporate,Search,26,141000
C00897,2024-12-14,West,Corporate,Search,24,91800
C00898,2025-04-14,Midwest,Consumer,Social,18,52800
C00899,2023-10-23,Northeast,Consumer,Social,37,48200
C00900,2024-04-05,South,Consumer,Search,72,103800
C00901,2025-04-14,West,Consumer,Search,19,68100
C00902,2024-12-13,Midwest,Consumer,Search,18,82500
C00903,2024-12-05,Midwest,Consumer,Email,19,46200
C00904,2023-10-30,Northeast,Consumer,Email,38,26700
C00905,2024-02-27,South,Corporate,Referral,28,
C00906,2025-08-28,Midwest,Small Business,Search,18,86300
C00907,2024-01-03,Midwest,Corporate,Social,50,69600
C00908,2025-10-17,South,Consumer,Social,55,40200
C00909,2024-11-11,Northeast,Consumer,Email,38,86900
C00910,2023-06-12,West,Corporate,Search,36,124100
C00911,2023-05-11,Midwest,Consumer,Search,43,73000
C00912,2023-07-25,South,Consumer,Referral,43,41000
C00913,2023-11-20,West,Small Business,Email,26,81800
C00914,2025-09-13,Midwest,Small Business,Search,29,43900
C00915,2023-06-07,Midwest,Small Business,Email,31,76100
C00916,2025-09-18,South,Consumer,Search,40,22000
C00917,2025-01-03,West,Consumer,Search,47,62700
C00918,2025-07-05,Northeast,Small Business,Email,62,78900
C00919,2024-12-08,Midwest,Small Business,Search,61,59900
C00920,2025-09-22,West,Consumer,Social,31,77900
C00921,2023-10-20,West,Consumer,Social,58,50500
C00922,2024-06-16,Midwest,Corporate,Email,39,105100
C00923,2024-12-10,South,Consumer,Search,49,25300
C00924,2023-07-28,West,Corporate,Social,54,103100
C00925,2025-09-18,Northeast,Corporate,Search,34,86500
C00926,2025-06-07,West,Small Business,Referral,27,104800
C00927,2023-04-02,West,Consumer,Search,45,60600
C00928,2023-12-25,Midwest,Small Business,Search,31,107100
C00929,2023-11-23,South,Consumer,Social,49,78500
C00930,2024-01-03,Northeast,Consumer,Search,35,66800
C00931,2024-04-04,West,Consumer,Referral,43,45800
C00932,2023-02-07,West,Consumer,Referral,35,74700
C00933,2024-05-02,West,Small Business,Referral,50,85700
C00934,2024-11-20,Northeast,Consumer,Email,39,27400
C00935,2023-04-13,West,Corporate,Search,40,83700
C00936,2024-09-09,South,Corporate,Email,41,105800
C00937,2025-10-19,South,Consumer,Email,18,22000
C00938,2024-05-12,West,Consumer,Email,48,87700
C00939,2024-06-08,South,Corporate,Search,30,112600
C00940,2024-04-29,South,Corporate,Search,18,73300
C00941,2023-06-20,South,Consumer,Search,42,30200
C00942,2023-12-23,West,Consumer,Social,18,43600
C00943,2025-10-15,Northeast,Consumer,Referral,27,99500
C00944,2024-05-06,West,Corporate,Email,24,69800
C00945,2025-08-25,Midwest,Consumer,Referral,49,49300
C00946,2023-08-09,Midwest,Consumer,Email,55,60700
C00947,2023-03-23,Northeast,Consumer,Social,28,66100
C00948,2025-02-14,South,Consumer,Referral,25,22000
C00949,2024-08-11,South,Corporate,Social,33,101400
C00950,2023-03-24,West,Consumer,Email,34,42600
C00951,2024-10-19,West,Consumer,Social,47,69000
C00952,2025-04-07,Midwest,Corporate,Search,54,94900
C00953,2024-05-16,West,Consumer,Social,38,65400
C00954,2023-03-14,Northeast,Small Business,Email,36,79100
C00955,2024-12-26,West,Consumer,Search,21,58500
C00956,2023-09-28,South,Consumer,Referral,36,46600
C00957,2024-11-25,South,Consumer,Search,40,22000
C00958,2025-01-26,West,Consumer,Referral,24,
C00959,2023-12-18,Midwest,Consumer,Email,48,46000
C00960,2023-06-20,Midwest,Consumer,Social,53,86500
C00961,2023-10-19,Northeast,Corporate,Referral,19,55000
C00962,2024-03-01,Northeast,Consumer,Social,38,73200
C00963,2025-07-23,West,Consumer,Search,54,60000
C00964,2025-01-27,West,Consumer,Email,49,47700
C00965,2025-07-08,South,Consumer,Referral,26,68100
C00966,2023-04-07,Northeast,Consumer,Referral,46,55200
C00967,2025-10-09,Midwest,Consumer,Social,30,90300
C00968,2023-04-14,West,Consumer,Search,56,
C00969,2025-10-15,South,Consumer,Email,45,22000
C00970,2025-07-30,South,Consumer,Referral,39,63500
C00971,2024-07-15,West,Consumer,Referral,18,68600
C00972,2024-10-28,South,Small Business,Email,18,72300
C00973,2023-01-05,West,Corporate,Search,18,47000
C00974,2023-05-24,Northeast,Small Business,Search,35,71600
C00975,2025-04-16,South,Consumer,Social,44,52200
C00976,2024-02-20,West,Corporate,Email,41,100600
C00977,2025-11-02,Northeast,Consumer,Email,39,38100
C00978,2025-05-25,South,Consumer,Email,74,74400
C00979,2024-11-04,Midwest,Consumer,Referral,28,87500
C00980,2023-04-30,South,Small Business,Social,45,93200
C00981,2023-10-30,South,Consumer,Search,38,50500
C00982,2025-06-26,West,Consumer,Social,34,119900
C00983,2025-08-08,Midwest,Corporate,Social,18,65500
C00984,2025-06-21,Northeast,Consumer,Search,50,94300
C00985,2024-02-01,West,Consumer,Search,45,32100
C00986,2023-08-26,Midwest,Small Business,Social,38,146400
C00987,2025-04-11,West,Consumer,Email,49,61800
C00988,2023-01-06,South,Consumer,Referral,55,74600
C00989,2024-07-01,West,Small Business,Search,52,82600
C00990,2023-04-23,West,Corporate,Referral,29,133600
C00991,2023-04-07,West,Consumer,Email,39,92600
C00992,2023-12-10,South,Consumer,Referral,26,92700
C00993,2024-12-28,Northeast,Consumer,Search,34,66500
C00994,2025-01-23,West,Small Business,Email,49,99300
C00995,2023-04-20,South,Consumer,Email,46,31500
C00996,2023-11-27,South,Consumer,Social,33,38600
C00997,2023-08-22,South,Small Business,Search,68,34000
C00998,2023-04-09,South,Corporate,Email,43,112400
C00999,2024-02-16,West,Consumer,Social,43,73500
C01000,2023-01-08,South,Consumer,Referral,27,35800
C01001,2025-09-20,Midwest,Consumer,Search,59,102400
C01002,2023-11-25,Northeast,Corporate,Social,22,59900
C01003,2025-03-14,West,Consumer,Social,50,63400
C01004,2025-10-01,West,Consumer,Search,41,55200
C01005,2025-07-04,West,Consumer,Search,29,22000
C01006,2025-05-26,Northeast,Consumer,Search,40,38400
C01007,2023-05-23,Northeast,Consumer,Search,28,46000
C01008,2023-05-12,South,Small Business,Social,52,48000
C01009,2024-10-22,West,Consumer,Email,37,
C01010,2025-08-22,South,Small Business,Social,26,57600
C01011,2023-05-12,Northeast,Consumer,Social,36,63600
C01012,2025-04-25,West,Consumer,Email,47,51200
C01013,2023-08-11,South,Consumer,Email,28,74200
C01014,2023-11-30,West,Small Business,Search,30,62300
C01015,2024-08-29,Midwest,Corporate,Social,50,110100
C01016,2025-07-24,Midwest,Consumer,Email,42,22000
C01017,2025-04-11,Midwest,Consumer,Social,45,36100
C01018,2025-01-06,West,Corporate,Referral,50,88900
C01019,2024-01-12,West,Consumer,Search,40,49800
C01020,2023-03-13,West,Consumer,Referral,21,36500
C01021,2024-09-28,South,Small Business,Email,51,56700
C01022,2024-06-28,West,Small Business,Search,47,94500
C01023,2023-04-01,Northeast,Consumer,Email,58,86200
C01024,2025-03-21,Midwest,Small Business,Email,43,127200
C01025,2023-07-16,West,Corporate,Email,35,105500
C01026,2023-09-17,South,Small Business,Referral,41,62300
C01027,2024-12-17,South,Consumer,Search,32,44900
C01028,2025-10-09,Northeast,Consumer,Email,18,77800
C01029,2024-05-02,West,Small Business,Email,40,96800
C01030,2023-08-26,West,Consumer,Social,35,83300
C01031,2025-07-25,West,Consumer,Social,45,87400
C01032,2023-03-28,South,Small Business,Social,22,82700
C01033,2024-05-12,South,Consumer,Search,36,46900
C01034,2024-07-26,West,Small Business,Referral,37,94500
C01035,2023-05-30,West,Consumer,Search,36,53400
C01036,2025-01-25,Midwest,Corporate,Social,30,62200
C01037,2025-02-03,West,Consumer,Search,52,22000
C01038,2024-12-05,West,Consumer,Search,39,99800
C01039,2024-03-03,Midwest,Consumer,Search,25,66500
C01040,2025-07-14,South,Consumer,Search,41,100800
C01041,2024-05-21,West,Consumer,Email,18,47400
C01042,2025-03-26,Northeast,Consumer,Referral,55,22000
C01043,2025-09-27,South,Small Business,Social,34,87100
C01044,2025-07-08,South,Consumer,Referral,18,27200
C01045,2024-03-19,South,Consumer,Social,30,30200
C01046,2025-10-22,South,Consumer,Search,40,94000
C01047,2023-04-16,Midwest,Consumer,Email,46,104600
C01048,2023-07-18,Midwest,Consumer,Email,33,22000
C01049,2024-07-30,West,Corporate,Email,38,110700
C01050,2025-08-20,West,Consumer,Referral,26,73700
C01051,2024-03-09,West,Corporate,Social,52,65200
C01052,2025-08-08,South,Consumer,Search,62,94100
C01053,2023-10-02,Northeast,Consumer,Social,58,71400
C01054,2024-03-18,Northeast,Corporate,Referral,34,97700
C01055,2025-09-06,Midwest,Consumer,Email,38,57300
C01056,2024-06-18,Midwest,Consumer,Email,22,55400
C01057,2025-08-10,South,Consumer,Social,47,75400
C01058,2023-06-13,West,Corporate,Search,40,68700
C01059,2024-01-24,South,Small Business,Search,23,67200
C01060,2023-06-03,Midwest,Small Business,Search,35,69100
C01061,2023-12-10,Northeast,Consumer,Search,31,51100
C01062,2024-06-14,Midwest,Corporate,Social,38,65000
C01063,2024-01-21,Northeast,Consumer,Referral,39,56700
C01064,2024-12-02,South,Consumer,Social,28,78000
C01065,2023-05-28,West,Corporate,Referral,41,89700
C01066,2023-05-07,West,Consumer,Referral,49,73600
C01067,2023-09-28,Midwest,Corporate,Referral,71,128400
C01068,2023-02-17,Midwest,Corporate,Social,18,22000
C01069,2025-04-24,Northeast,Consumer,Email,47,96000
C01070,2025-05-29,South,Small Business,Email,34,34700
C01071,2025-08-30,South,Small Business,Search,41,106400
C01072,2025-10-11,West,Consumer,Search,34,81000
C01073,2025-01-06,West,Consumer,Search,44,68500
C01074,2025-08-24,West,Consumer,Email,51,51500
C01075,2024-12-24,West,Consumer,Social,24,32700
C01076,2025-01-19,Northeast,Corporate,Social,24,115100
C01077,2025-03-28,West,Small Business,Email,18,66100
C01078,2025-05-27,West,Consumer,Email,18,59900
C01079,2023-12-03,South,Small Business,Search,41,118400
C01080,2024-10-31,South,Consumer,Email,45,
C01081,2024-06-03,Midwest,Consumer,Referral,49,71900
C01082,2023-01-03,Midwest,Small Business,Email,41,40300
C01083,2024-10-09,Midwest,Small Business,Search,55,79000
C01084,2025-04-19,Midwest,Consumer,Search,33,39800
C01085,2023-04-15,Northeast,Consumer,Search,32,31500
C01086,2023-09-02,Northeast,Consumer,Search,43,76500
C01087,2023-05-30,West,Consumer,Referral,52,22000
C01088,2024-10-23,South,Consumer,Email,50,74700
C01089,2024-06-22,Northeast,Small Business,Search,23,94700
C01090,2025-04-29,Northeast,Consumer,Social,22,
C01091,2023-02-23,South,Corporate,Social,29,104000
C01092,2024-11-28,West,Corporate,Referral,18,151600
C01093,2023-11-14,Northeast,Consumer,Search,55,93900
C01094,2024-02-24,South,Consumer,Social,44,80100
C01095,2023-04-28,Midwest,Corporate,Email,19,120400
C01096,2024-12-24,West,Corporate,Social,41,104100
C01097,2024-07-29,South,Consumer,Referral,32,77600
C01098,2023-10-08,South,Consumer,Social,47,69900
C01099,2023-12-28,Northeast,Corporate,Search,21,132900
C01100,2025-07-13,Midwest,Corporate,Search,53,72000
C01101,2024-09-15,West,Consumer,Referral,54,106900
C01102,2024-05-19,Midwest,Consumer,Search,44,55000
C01103,2025-07-27,Northeast,Consumer,Search,28,39500
C01104,2025-03-08,Northeast,Consumer,Referral,35,56900
C01105,2025-10-01,West,Consumer,Referral,29,22000
C01106,2023-03-15,Northeast,Corporate,Search,35,132800
C01107,2023-02-11,South,Consumer,Referral,38,75000
C01108,2023-02-10,West,Consumer,Search,20,76400
C01109,2025-08-09,West,Consumer,Search,78,85000
C01110,2023-12-24,Midwest,Corporate,Email,30,110200
C01111,2024-05-16,Midwest,Consumer,Search,30,65100
C01112,2025-01-04,South,Consumer,Social,31,86000
C01113,2024-05-27,Midwest,Small Business,Email,44,47500
C01114,2025-04-06,South,Consumer,Search,18,22000
C01115,2023-10-15,South,Corporate,Social,37,152300
C01116,2025-06-26,South,Small Business,Email,51,109000
C01117,2023-01-01,West,Consumer,Referral,30,45100
C01118,2023-12-08,Northeast,Consumer,Search,23,75100
C01119,2023-04-28,South,Consumer,Search,38,59500
C01120,2023-11-17,Midwest,Corporate,Referral,24,89300
C01121,2023-07-10,Midwest,Corporate,Search,48,135400
C01122,2025-03-26,Midwest,Corporate,Email,49,125700
C01123,2025-02-27,Midwest,Consumer,Social,39,58000
C01124,2024-11-14,West,Consumer,Email,41,79900
C01125,2024-11-10,South,Consumer,Search,62,60700
C01126,2025-05-23,Northeast,Corporate,Email,21,91500
C01127,2025-04-27,South,Small Business,Referral,43,63400
C01128,2024-11-09,South,Corporate,Email,64,63100
C01129,2023-11-28,South,Small Business,Search,51,64100
C01130,2025-08-20,Northeast,Consumer,Email,33,44000
C01131,2023-10-17,Midwest,Corporate,Referral,52,108000
C01132,2023-01-05,Northeast,Consumer,Search,24,58300
C01133,2025-06-21,Northeast,Corporate,Social,21,115600
C01134,2025-01-01,South,Corporate,Referral,34,101900
C01135,2024-03-01,South,Corporate,Referral,36,113600
C01136,2025-01-27,West,Consumer,Referral,59,55800
C01137,2024-03-28,West,Small Business,Email,22,96700
C01138,2023-05-31,South,Consumer,Social,39,43200
C01139,2025-06-10,South,Corporate,Referral,35,106200
C01140,2025-07-31,West,Consumer,Search,18,93700
C01141,2023-07-22,South,Consumer,Social,18,69900
C01142,2024-02-13,Northeast,Consumer,Search,27,33400
C01143,2023-07-30,Northeast,Consumer,Referral,20,90600
C01144,2024-03-12,West,Consumer,Social,41,61200
C01145,2024-03-03,Northeast,Consumer,Search,33,59700
C01146,2025-04-25,West,Consumer,Search,62,99400
C01147,2023-12-09,Northeast,Corporate,Email,60,106400
C01148,2023-02-13,Midwest,Corporate,Social,53,142600
C01149,2023-04-21,Northeast,Corporate,Search,36,113000
C01150,2023-01-24,Midwest,Consumer,Referral,39,82500
C01151,2023-05-17,South,Consumer,Referral,54,41300
C01152,2025-03-30,West,Consumer,Social,36,40800
C01153,2024-09-27,West,Corporate,Search,44,97500
C01154,2025-05-22,South,Consumer,Search,27,62600
C01155,2024-10-29,Northeast,Consumer,Email,51,50200
C01156,2024-08-19,West,Corporate,Search,41,128300
C01157,2024-02-07,West,Consumer,Email,27,58600
C01158,2023-07-07,Midwest,Consumer,Referral,48,33900
C01159,2024-07-10,South,Consumer,Social,19,89200
C01160,2024-10-12,West,Small Business,Search,28,103700
C01161,2023-03-22,Midwest,Corporate,Search,41,133100
C01162,2025-01-11,West,Corporate,Email,24,99700
C01163,2024-08-16,South,Consumer,Social,50,77300
C01164,2023-01-22,West,Small Business,Email,23,117300
C01165,2024-10-19,West,Corporate,Social,25,104300
C01166,2024-07-19,West,Consumer,Email,18,59600
C01167,2024-04-12,Northeast,Corporate,Referral,53,93800
C01168,2024-02-11,West,Consumer,Social,30,22000
C01169,2025-05-16,South,Consumer,Social,56,51800
C01170,2023-10-06,West,Consumer,Social,55,64100
C01171,2023-04-21,South,Small Business,Email,41,105200
C01172,2024-11-27,South,Corporate,Referral,57,95700
C01173,2025-04-14,South,Consumer,Search,47,68000
C01174,2023-12-17,Midwest,Consumer,Search,23,80400
C01175,2024-06-17,Midwest,Consumer,Search,51,54600
C01176,2024-02-29,West,Corporate,Referral,39,84000
C01177,2023-05-29,South,Consumer,Social,38,42800
C01178,2023-11-06,Northeast,Corporate,Referral,55,69400
C01179,2024-01-13,West,Consumer,Search,40,50800
C01180,2023-04-15,South,Consumer,Social,34,22000
C01181,2025-05-16,West,Consumer,Social,18,93000
C01182,2024-09-26,Northeast,Consumer,Referral,22,22000
C01183,2024-02-02,Midwest,Small Business,Search,52,69100
C01184,2024-02-08,West,Corporate,Social,49,124300
C01185,2025-11-08,Northeast,Consumer,Email,43,59000
C01186,2025-09-21,West,Corporate,Social,18,91200
C01187,2023-01-14,South,Consumer,Search,33,22000
C01188,2023-08-02,West,Consumer,Email,34,39500
C01189,2023-11-12,West,Consumer,Search,62,57100
C01190,2023-10-09,Midwest,Consumer,Email,42,67800
C01191,2025-02-20,South,Consumer,Referral,40,
C01192,2023-10-08,Midwest,Consumer,Social,53,72700
C01193,2024-05-19,South,Corporate,Search,60,65300
C01194,2025-10-19,Northeast,Consumer,Email,27,53400
C01195,2024-01-21,South,Consumer,Email,46,61700
C01196,2024-01-17,Northeast,Consumer,Referral,33,87500
C01197,2023-07-15,Northeast,Consumer,Search,39,96900
C01198,2023-01-12,West,Small Business,Search,54,77700
C01199,2025-07-21,West,Consumer,Social,26,118100
C01200,2024-01-26,West,Corporate,Referral,28,80600
C01201,2024-01-09,Midwest,Consumer,Social,22,48700
C01202,2025-03-12,Northeast,Consumer,Search,18,39800
C01203,2025-09-08,West,Consumer,Email,52,60600
C01204,2023-02-12,South,Consumer,Email,18,75700
C01205,2024-10-27,South,Small Business,Social,18,77400
C01206,2025-10-27,Northeast,Consumer,Search,25,22000
C01207,2025-05-01,West,Consumer,Social,31,
C01208,2025-06-25,South,Consumer,Search,24,24400
C01209,2024-09-22,Midwest,Consumer,Social,55,
C01210,2023-07-23,Midwest,Small Business,Search,23,91900
C01211,2024-09-19,South,Small Business,Search,63,115700
C01212,2024-10-30,South,Consumer,Social,20,51900
C01213,2025-05-26,Northeast,Corporate,Social,69,96100
C01214,2023-11-11,South,Small Business,Search,48,85200
C01215,2025-08-30,South,Consumer,Email,36,62400
C01216,2024-06-28,Midwest,Consumer,Search,37,92500
C01217,2023-03-13,Northeast,Corporate,Search,32,109000
C01218,2023-11-14,Northeast,Consumer,Social,41,31500
C01219,2023-12-12,Midwest,Corporate,Referral,57,88000
C01220,2024-12-08,Midwest,Small Business,Email,47,83000
C01221,2025-09-25,South,Consumer,Search,24,96500
C01222,2024-02-05,Midwest,Consumer,Referral,24,92400
C01223,2023-11-17,West,Corporate,Social,44,75700
C01224,2025-05-15,Midwest,Consumer,Social,46,86200
C01225,2023-07-23,West,Small Business,Email,37,78900
C01226,2025-03-09,Northeast,Consumer,Social,37,94900
C01227,2024-05-15,Midwest,Consumer,Social,37,49900
C01228,2023-11-05,West,Consumer,Social,42,61700
C01229,2023-04-14,South,Consumer,Email,48,34900
C01230,2023-03-16,Midwest,Consumer,Search,56,39600
C01231,2024-06-08,West,Consumer,Email,42,36000
C01232,2024-01-24,South,Consumer,Email,18,71400
C01233,2025-03-02,Northeast,Consumer,Search,23,85800
C01234,2023-06-23,Midwest,Corporate,Email,31,70500
C01235,2024-09-26,Northeast,Small Business,Referral,20,51800
C01236,2023-03-04,South,Small Business,Social,29,76800
C01237,2024-02-19,South,Corporate,Social,35,76000
C01238,2024-09-10,Midwest,Consumer,Social,31,72000
C01239,2025-08-13,Northeast,Corporate,Search,48,76200
C01240,2024-08-17,Northeast,Consumer,Search,44,54100
C01241,2025-01-10,South,Small Business,Email,19,
C01242,2023-06-04,South,Consumer,Email,64,59600
C01243,2025-08-09,Midwest,Consumer,Referral,43,49400
C01244,2023-03-22,South,Corporate,Search,44,103400
C01245,2023-03-19,Northeast,Consumer,Email,30,37200
C01246,2023-11-06,West,Consumer,Email,38,56300
C01247,2025-02-09,South,Consumer,Email,25,48400
C01248,2024-11-30,Midwest,Consumer,Referral,27,59500
C01249,2023-03-15,Midwest,Consumer,Social,46,74000
C01250,2023-10-21,South,Corporate,Email,18,92000
C01251,2023-07-02,South,Corporate,Email,60,59000
C01252,2024-03-21,South,Small Business,Search,20,86700
C01253,2024-11-19,Northeast,Corporate,Search,44,118200
C01254,2023-09-25,West,Consumer,Email,40,51100
C01255,2024-04-27,West,Consumer,Search,56,98100
C01256,2023-04-21,Midwest,Corporate,Email,26,78400
C01257,2025-07-28,Midwest,Consumer,Search,29,89100
C01258,2025-05-01,West,Consumer,Social,52,75300
C01259,2023-12-12,South,Corporate,Social,22,115600
C01260,2025-08-03,Northeast,Consumer,Referral,36,49900
C01261,2023-07-14,South,Corporate,Search,59,74700
C01262,2024-10-21,Midwest,Consumer,Search,45,
C01263,2025-09-09,West,Consumer,Email,33,52800
C01264,2023-06-08,South,Consumer,Social,51,61500
C01265,2023-10-08,West,Consumer,Social,18,49400
C01266,2023-08-05,South,Corporate,Email,53,167600
C01267,2024-07-03,Midwest,Consumer,Email,55,89600
C01268,2023-03-24,Midwest,Corporate,Search,40,96100
C01269,2024-07-12,West,Small Business,Email,31,78900
C01270,2025-06-30,South,Small Business,Social,42,98300
C01271,2025-11-13,Midwest,Consumer,Referral,42,100500
C01272,2025-06-29,West,Corporate,Social,32,107900
C01273,2024-02-20,West,Consumer,Referral,32,63300
C01274,2024-06-09,South,Consumer,Email,55,39400
C01275,2025-04-10,West,Corporate,Email,18,48300
C01276,2024-12-08,Midwest,Consumer,Social,40,48800
C01277,2025-02-25,Northeast,Corporate,Social,30,66000
C01278,2025-01-31,Midwest,Consumer,Social,36,68300
C01279,2024-11-18,West,Consumer,Social,24,59100
C01280,2024-02-11,Northeast,Consumer,Social,35,103400
C01281,2025-03-02,West,Consumer,Search,43,38000
C01282,2024-04-29,South,Consumer,Search,44,90500
C01283,2023-10-15,South,Consumer,Social,35,52600
C01284,2023-08-28,West,Consumer,Email,57,41400
C01285,2024-06-07,Midwest,Small Business,Referral,37,79100
C01286,2023-03-20,South,Consumer,Email,36,69100
C01287,2025-06-05,South,Corporate,Search,25,104500
C01288,2024-06-11,Northeast,Small Business,Search,39,113800
C01289,2023-10-23,West,Corporate,Social,19,80700
C01290,2024-08-24,Northeast,Consumer,Search,45,62500
C01291,2023-01-02,West,Small Business,Referral,60,92500
C01292,2023-04-18,Midwest,Small Business,Referral,18,127900
C01293,2024-07-16,West,Corporate,Referral,24,111000
C01294,2024-07-30,West,Corporate,Social,30,100000
C01295,2025-02-21,West,Corporate,Social,40,161600
C01296,2024-08-16,West,Corporate,Email,45,84300
C01297,2024-11-21,South,Corporate,Referral,50,118900
C01298,2025-05-12,South,Consumer,Email,36,61200
C01299,2023-09-10,South,Consumer,Social,29,73800
C01300,2025-04-04,West,Consumer,Social,43,92400
C01301,2023-10-03,West,Consumer,Search,24,65600
C01302,2025-10-30,Midwest,Corporate,Search,20,43200
C01303,2024-11-18,Midwest,Consumer,Email,31,57300
C01304,2025-01-02,West,Small Business,Search,18,53500
C01305,2024-10-19,Northeast,Corporate,Search,66,88000
C01306,2023-11-15,South,Small Business,Social,31,38900
C01307,2024-02-23,South,Corporate,Email,42,120900
C01308,2024-06-19,South,Small Business,Social,30,
C01309,2023-12-16,West,Consumer,Search,28,40000
C01310,2024-12-18,South,Corporate,Email,61,99300
C01311,2024-03-27,Midwest,Corporate,Email,49,94900
C01312,2023-12-02,Northeast,Consumer,Referral,25,97800
C01313,2024-02-14,South,Consumer,Search,19,84200
C01314,2024-11-01,Midwest,Corporate,Search,18,140500
C01315,2024-06-07,Northeast,Consumer,Social,33,53100
C01316,2023-07-14,Northeast,Consumer,Referral,62,33300
C01317,2023-12-13,West,Consumer,Search,52,72500
C01318,2024-05-23,West,Consumer,Search,24,62600
C01319,2024-05-25,West,Consumer,Social,46,103700
C01320,2025-11-01,South,Consumer,Social,69,82300
C01321,2023-03-11,South,Consumer,Social,42,66500
C01322,2023-07-28,West,Corporate,Search,29,87000
C01323,2023-08-09,South,Small Business,Search,44,68000
C01324,2024-11-07,Midwest,Small Business,Search,46,33300
C01325,2024-06-14,Northeast,Consumer,Referral,31,68100
C01326,2024-11-11,Northeast,Consumer,Social,57,59200
C01327,2024-01-17,West,Consumer,Email,29,120200
C01328,2024-07-20,Northeast,Consumer,Email,47,42400
C01329,2023-08-03,Northeast,Corporate,Email,55,159700
C01330,2023-06-08,South,Corporate,Referral,46,119400
C01331,2024-04-12,Midwest,Corporate,Social,23,75200
C01332,2023-07-25,South,Corporate,Referral,29,83700
C01333,2024-08-20,South,Consumer,Referral,41,49100
C01334,2024-08-05,West,Consumer,Social,36,67600
C01335,2025-06-16,Midwest,Consumer,Search,56,22000
C01336,2024-08-17,South,Consumer,Email,23,79900
C01337,2024-01-19,Midwest,Consumer,Search,47,33300
C01338,2023-11-20,West,Consumer,Search,36,115800
C01339,2024-06-26,West,Small Business,Social,47,63900
C01340,2024-06-03,South,Small Business,Referral,32,51600
C01341,2024-08-12,South,Small Business,Email,47,88000
C01342,2023-08-10,Northeast,Consumer,Referral,33,86800
C01343,2024-12-28,South,Consumer,Social,50,90900
C01344,2023-07-09,Northeast,Small Business,Social,51,75900
C01345,2025-03-13,Midwest,Corporate,Social,33,91800
C01346,2025-04-18,South,Small Business,Email,48,104500
C01347,2025-06-21,Northeast,Small Business,Search,47,115200
C01348,2025-02-02,Midwest,Corporate,Referral,32,92200
C01349,2025-03-17,South,Consumer,Social,48,88100
C01350,2024-08-28,West,Consumer,Referral,50,45600
C01351,2025-04-23,Midwest,Small Business,Email,20,83000
C01352,2023-04-21,West,Consumer,Referral,50,51400
C01353,2025-10-21,West,Consumer,Search,42,78200
C01354,2024-07-21,West,Corporate,Referral,56,59100
C01355,2023-11-25,Midwest,Consumer,Search,44,85800
C01356,2023-04-16,Midwest,Small Business,Search,27,79700
C01357,2025-01-18,South,Consumer,Referral,47,22000
C01358,2025-01-02,South,Consumer,Search,18,56800
C01359,2023-05-07,West,Consumer,Search,47,74700
C01360,2023-03-24,South,Small Business,Search,34,83300
C01361,2025-01-06,West,Corporate,Search,44,87400
C01362,2024-07-16,West,Consumer,Search,31,26700
C01363,2025-10-13,Northeast,Consumer,Social,51,22000
C01364,2024-11-15,Northeast,Consumer,Search,52,22000
C01365,2023-08-01,Northeast,Consumer,Social,35,58400
C01366,2024-11-13,South,Consumer,Search,45,113200
C01367,2025-10-05,West,Corporate,Social,49,105700
C01368,2024-08-11,Midwest,Corporate,Social,46,139700
C01369,2024-09-21,South,Corporate,Referral,46,125100
C01370,2025-10-16,South,Consumer,Email,37,41800
C01371,2024-08-24,Northeast,Consumer,Social,39,96600
C01372,2024-01-20,South,Corporate,Email,40,108900
C01373,2024-04-05,South,Small Business,Search,63,59700
C01374,2023-11-17,West,Consumer,Email,38,59900
C01375,2025-10-12,West,Consumer,Referral,60,
C01376,2025-03-12,South,Consumer,Search,47,57000
C01377,2023-07-08,South,Corporate,Email,42,121900
C01378,2023-05-25,Midwest,Consumer,Search,28,61500
C01379,2024-06-15,West,Corporate,Social,34,68100
C01380,2024-10-02,Northeast,Small Business,Referral,45,105600
C01381,2023-07-23,Midwest,Consumer,Email,26,77400
C01382,2025-08-03,Midwest,Consumer,Social,29,42200
C01383,2024-09-27,South,Consumer,Referral,43,71600
C01384,2025-11-01,Midwest,Corporate,Email,19,129000
C01385,2025-03-02,South,Consumer,Search,30,22000
C01386,2023-06-15,Northeast,Small Business,Email,27,27600
C01387,2023-11-20,South,Consumer,Search,35,
C01388,2025-07-05,West,Consumer,Search,25,112700
C01389,2023-02-17,West,Small Business,Search,32,114100
C01390,2024-03-15,Midwest,Corporate,Search,29,110000
C01391,2023-09-03,Midwest,Consumer,Search,46,96000
C01392,2023-10-08,West,Corporate,Social,45,99500
C01393,2024-04-25,West,Small Business,Social,35,47000
C01394,2024-07-02,West,Corporate,Referral,41,80200
C01395,2025-03-29,Midwest,Corporate,Search,44,112300
C01396,2025-05-16,West,Consumer,Referral,34,
C01397,2024-12-10,South,Consumer,Social,29,55600
C01398,2025-04-14,West,Corporate,Search,54,147100
C01399,2025-02-02,West,Corporate,Social,30,85300
C01400,2023-12-31,South,Consumer,Email,22,41300
C01401,2023-12-13,Midwest,Small Business,Search,56,99200
C01402,2024-04-18,West,Corporate,Social,54,81800
C01403,2024-10-29,Northeast,Small Business,Search,55,94100
C01404,2024-12-25,South,Small Business,Social,39,132400
C01405,2023-09-01,Midwest,Consumer,Search,23,43900
C01406,2025-08-20,South,Corporate,Email,25,113900
C01407,2024-11-30,West,Corporate,Search,44,172300
C01408,2025-09-15,Northeast,Consumer,Search,52,22000
C01409,2024-04-20,Midwest,Consumer,Search,51,55400
C01410,2023-02-25,West,Corporate,Social,26,86200
C01411,2025-02-04,Northeast,Consumer,Social,38,86500
C01412,2025-08-22,South,Corporate,Social,19,141900
C01413,2025-03-02,South,Consumer,Search,30,38800
C01414,2024-04-22,West,Corporate,Email,23,70000
C01415,2023-04-06,West,Consumer,Email,20,56800
C01416,2023-12-16,Midwest,Consumer,Search,18,65400
C01417,2023-06-16,West,Corporate,Social,51,
C01418,2023-11-21,South,Small Business,Search,44,83600
C01419,2025-05-26,West,Corporate,Email,25,82800
C01420,2023-07-20,South,Consumer,Social,30,42200
C01421,2024-11-17,Midwest,Small Business,Search,31,70500
C01422,2024-05-29,Northeast,Consumer,Search,28,60200
C01423,2025-05-04,South,Consumer,Social,46,48000
C01424,2023-10-08,West,Consumer,Search,18,55400
C01425,2023-11-11,Midwest,Corporate,Email,37,98900
C01426,2025-06-20,Northeast,Consumer,Social,33,81800
C01427,2025-11-06,Northeast,Corporate,Social,29,102100
C01428,2025-01-23,West,Consumer,Referral,38,50900
C01429,2023-10-11,South,Consumer,Referral,51,35800
C01430,2025-10-11,West,Consumer,Search,39,84600
C01431,2023-11-10,Northeast,Consumer,Search,37,66100
C01432,2023-06-27,Midwest,Corporate,Referral,46,80000
C01433,2024-08-24,Midwest,Corporate,Search,31,74800
C01434,2024-09-30,West,Consumer,Search,57,77200
C01435,2024-03-10,South,Consumer,Email,40,81600
C01436,2025-06-23,West,Small Business,Email,57,90400
C01437,2024-05-16,South,Consumer,Search,71,65200
C01438,2025-09-22,Midwest,Consumer,Search,21,55400
C01439,2023-04-11,West,Consumer,Social,59,72100
C01440,2024-11-30,West,Consumer,Social,51,85300
C01441,2025-08-20,Northeast,Consumer,Search,34,52200
C01442,2023-05-31,South,Consumer,Email,41,58900
C01443,2025-10-06,West,Consumer,Referral,31,49300
C01444,2023-03-13,South,Consumer,Email,33,79700
C01445,2024-01-16,Midwest,Consumer,Referral,32,27600
C01446,2024-12-29,West,Consumer,Search,33,42100
C01447,2025-06-11,South,Consumer,Referral,22,95400
C01448,2024-03-26,West,Consumer,Email,43,57700
C01449,2025-10-11,Midwest,Small Business,Email,51,120300
C01450,2025-10-02,West,Consumer,Search,38,38900
C01451,2023-06-29,West,Corporate,Social,50,124800
C01452,2023-04-30,South,Corporate,Email,18,103200
C01453,2025-09-29,West,Consumer,Social,45,79300
C01454,2024-07-19,Northeast,Consumer,Email,78,22000
C01455,2025-06-22,South,Consumer,Search,46,74500
C01456,2023-11-30,West,Consumer,Search,25,90900
C01457,2024-08-18,West,Consumer,Search,28,68000
C01458,2024-06-06,Northeast,Corporate,Email,57,93300
C01459,2025-06-16,South,Corporate,Email,52,116000
C01460,2024-11-17,Northeast,Small Business,Social,33,82100
C01461,2023-02-02,Midwest,Small Business,Search,70,120200
C01462,2024-09-15,Midwest,Consumer,Social,45,76500
C01463,2023-08-09,West,Consumer,Social,50,65700
C01464,2025-06-09,South,Small Business,Search,55,72000
C01465,2024-01-14,Northeast,Consumer,Referral,24,27500
C01466,2023-01-11,West,Consumer,Search,39,35400
C01467,2023-09-28,Northeast,Small Business,Referral,30,66400
C01468,2023-04-17,West,Small Business,Search,43,54500
C01469,2025-10-20,South,Consumer,Search,30,50800
C01470,2023-09-25,Northeast,Consumer,Email,38,44400
C01471,2024-04-18,South,Consumer,Search,46,93700
C01472,2025-10-11,Northeast,Consumer,Social,24,29700
C01473,2024-03-17,Northeast,Consumer,Search,27,74900
C01474,2023-08-12,South,Consumer,Referral,49,76300
C01475,2025-03-23,Northeast,Consumer,Email,23,45300
C01476,2025-04-20,Northeast,Consumer,Search,49,121300
C01477,2025-01-03,West,Consumer,Social,32,60700
C01478,2024-07-05,Northeast,Consumer,Email,18,111000
C01479,2025-06-25,South,Consumer,Social,44,22000
C01480,2023-05-22,Northeast,Consumer,Referral,47,67400
C01481,2025-10-10,West,Corporate,Search,42,89300
C01482,2025-03-21,Northeast,Consumer,Search,40,34200
C01483,2023-09-07,West,Consumer,Social,33,50400
C01484,2024-07-07,South,Corporate,Social,23,89100
C01485,2024-10-25,South,Small Business,Search,42,94100
C01486,2023-06-06,West,Consumer,Referral,35,40100
C01487,2023-10-05,West,Consumer,Search,36,63200
C01488,2025-02-12,West,Small Business,Social,39,70700
C01489,2023-05-04,West,Consumer,Social,39,133000
C01490,2024-09-14,South,Consumer,Referral,55,29600
C01491,2025-03-13,Midwest,Consumer,Social,47,93700
C01492,2023-11-03,West,Small Business,Search,57,42700
C01493,2025-03-21,Northeast,Consumer,Email,67,56800
C01494,2024-08-13,South,Corporate,Email,41,
C01495,2024-02-11,West,Consumer,Search,41,38700
C01496,2025-04-03,Midwest,Consumer,Search,31,43200
C01497,2025-02-17,Midwest,Consumer,Social,38,30100
C01498,2025-08-27,South,Consumer,Social,23,102100
C01499,2023-06-14,South,Consumer,Email,18,69400
C01500,2024-04-28,South,Consumer,Social,45,76400
C01501,2025-04-07,West,Consumer,Referral,32,87500
C01502,2024-11-10,South,Consumer,Social,29,77400
C01503,2025-05-08,South,Consumer,Social,63,111400
C01504,2025-09-21,Northeast,Consumer,Email,18,85700
C01505,2023-12-12,Midwest,Consumer,Social,36,46300
C01506,2023-10-09,South,Corporate,Search,40,105300
C01507,2025-07-13,Midwest,Small Business,Referral,52,114000
C01508,2023-07-13,Midwest,Consumer,Social,37,49800
C01509,2023-08-05,Midwest,Consumer,Email,31,22000
C01510,2023-11-20,Northeast,Consumer,Search,38,41900
C01511,2024-06-11,Northeast,Corporate,Search,40,124100
C01512,2025-07-23,Midwest,Corporate,Email,40,36200
C01513,2025-10-07,South,Small Business,Search,35,82000
C01514,2023-05-08,Northeast,Corporate,Referral,18,84100
C01515,2024-09-17,South,Small Business,Social,46,45000
C01516,2023-06-03,Northeast,Consumer,Email,60,36400
C01517,2024-10-27,Midwest,Consumer,Email,34,39600
C01518,2025-06-18,South,Consumer,Social,30,
C01519,2025-04-27,West,Small Business,Social,63,63100
C01520,2025-08-24,Midwest,Small Business,Referral,30,110500
C01521,2023-12-05,West,Consumer,Referral,36,62800
C01522,2024-06-13,Northeast,Consumer,Social,33,65300
C01523,2023-09-21,West,Consumer,Search,33,60700
C01524,2024-10-08,South,Corporate,Search,33,97600
C01525,2023-03-12,South,Consumer,Search,37,46000
C01526,2023-08-06,West,Corporate,Referral,42,72500
C01527,2023-06-04,Northeast,Consumer,Search,33,117500
C01528,2025-10-01,South,Small Business,Referral,25,85300
C01529,2025-03-28,West,Corporate,Social,58,112900
C01530,2023-12-02,South,Consumer,Email,29,64000
C01531,2025-02-18,Midwest,Consumer,Email,25,80600
C01532,2025-05-08,Midwest,Consumer,Referral,24,49500
C01533,2023-09-20,West,Corporate,Social,44,88000
C01534,2025-07-19,West,Consumer,Search,43,22000
C01535,2023-07-01,West,Consumer,Email,46,94900
C01536,2025-04-16,Midwest,Consumer,Search,61,68700
C01537,2024-07-02,South,Corporate,Search,31,93500
C01538,2024-06-28,West,Consumer,Social,18,22000
C01539,2023-05-23,Northeast,Consumer,Search,44,55900
C01540,2024-10-11,Northeast,Consumer,Search,45,36500
C01541,2023-04-10,West,Consumer,Email,63,41500
C01542,2025-06-18,South,Small Business,Email,59,116000
C01543,2024-07-09,South,Consumer,Email,28,
C01544,2025-01-17,Midwest,Small Business,Referral,62,106900
C01545,2025-03-28,South,Consumer,Search,30,76900
C01546,2023-03-23,West,Small Business,Search,18,79700
C01547,2024-04-14,South,Small Business,Referral,24,129300
C01548,2024-06-22,West,Small Business,Email,59,124900
C01549,2023-07-02,West,Consumer,Search,39,115300
C01550,2023-06-07,West,Consumer,Email,54,39100
C01551,2023-06-18,West,Corporate,Referral,40,118000
C01552,2023-12-28,South,Consumer,Search,43,54100
C01553,2023-03-16,Midwest,Consumer,Social,24,42900
C01554,2025-04-10,South,Consumer,Social,36,32800
C01555,2025-11-06,Midwest,Corporate,Email,54,
C01556,2025-09-09,Northeast,Small Business,Social,40,76500
C01557,2023-10-03,South,Corporate,Social,58,78000
C01558,2023-12-01,Northeast,Consumer,Social,43,94600
C01559,2023-07-26,South,Consumer,Referral,37,68200
C01560,2025-08-24,West,Consumer,Social,23,69000
C01561,2024-08-02,Northeast,Corporate,Referral,18,104400
C01562,2025-07-05,South,Consumer,Referral,29,31900
C01563,2023-10-29,West,Consumer,Social,24,103800
C01564,2025-07-13,West,Corporate,Email,41,105800
C01565,2025-10-01,Midwest,Consumer,Referral,45,41700
C01566,2024-12-23,Northeast,Consumer,Search,30,74600
C01567,2024-02-08,South,Consumer,Search,60,34000
C01568,2025-03-25,Northeast,Consumer,Email,37,81300
C01569,2024-02-19,West,Corporate,Social,36,147700
C01570,2024-01-31,Northeast,Consumer,Email,32,55000
C01571,2024-07-12,Midwest,Consumer,Social,37,91700
C01572,2025-05-20,Northeast,Small Business,Social,41,111300
C01573,2023-12-25,Midwest,Small Business,Search,60,91700
C01574,2024-04-02,West,Consumer,Search,32,59800
C01575,2023-04-10,Midwest,Consumer,Social,43,73200
C01576,2023-07-24,West,Consumer,Email,39,82700
C01577,2023-09-21,West,Consumer,Social,41,44100
C01578,2024-03-13,Northeast,Corporate,Social,49,50600
C01579,2024-10-25,Midwest,Consumer,Social,38,22900
C01580,2025-11-13,South,Consumer,Referral,45,37100
C01581,2025-02-06,Northeast,Small Business,Social,28,87400
C01582,2024-05-10,Northeast,Consumer,Search,41,41300
C01583,2025-07-20,Northeast,Consumer,Email,48,97500
C01584,2024-08-09,West,Consumer,Email,51,53000
C01585,2025-03-13,South,Consumer,Search,29,72300
C01586,2023-08-17,Northeast,Consumer,Search,50,66400
C01587,2025-04-16,West,Consumer,Referral,37,28000
C01588,2025-07-27,West,Consumer,Search,29,73900
C01589,2024-05-03,Northeast,Small Business,Search,50,45500
C01590,2023-05-27,West,Consumer,Social,40,23400
C01591,2024-10-26,West,Corporate,Search,20,108200
C01592,2025-04-30,Northeast,Small Business,Social,43,79000
C01593,2023-06-12,Northeast,Small Business,Search,44,127500
C01594,2025-10-07,West,Small Business,Social,39,102500
C01595,2025-01-06,Northeast,Consumer,Search,38,65500
C01596,2023-07-11,South,Consumer,Social,40,63900
C01597,2025-03-20,Northeast,Corporate,Social,51,133600
C01598,2025-01-27,West,Small Business,Search,39,63700
C01599,2023-08-07,West,Consumer,Email,40,61200
C01600,2023-08-27,West,Corporate,Search,40,126300
C01601,2025-06-20,Midwest,Corporate,Email,42,151100
C01602,2024-04-26,Northeast,Consumer,Referral,54,57700
C01603,2023-08-04,South,Consumer,Social,60,63000
C01604,2025-07-02,Northeast,Consumer,Search,32,97300
C01605,2024-12-22,South,Consumer,Referral,44,
C01606,2025-03-14,Northeast,Corporate,Search,61,110400
C01607,2025-02-20,South,Consumer,Social,53,78600
C01608,2024-06-23,South,Consumer,Referral,29,68000
C01609,2023-09-01,Midwest,Corporate,Search,67,98600
C01610,2024-10-12,South,Consumer,Referral,35,66500
C01611,2024-10-27,West,Consumer,Referral,23,70400
C01612,2025-04-20,West,Consumer,Social,42,110500
C01613,2023-02-24,Northeast,Consumer,Search,47,46300
C01614,2023-08-15,Northeast,Consumer,Search,55,54800
C01615,2024-04-07,Midwest,Consumer,Search,31,26200
C01616,2023-07-25,Northeast,Consumer,Search,33,75600
C01617,2023-12-06,Northeast,Consumer,Referral,30,33900
C01618,2025-03-01,South,Small Business,Email,48,
C01619,2024-10-18,South,Small Business,Search,44,
C01620,2024-04-25,South,Consumer,Referral,46,39000
C01621,2024-07-30,Northeast,Small Business,Search,42,53600
C01622,2024-01-19,Northeast,Small Business,Referral,27,74100
C01623,2025-09-20,South,Consumer,Referral,68,86500
C01624,2023-12-22,South,Small Business,Search,44,85200
C01625,2025-01-05,Northeast,Consumer,Search,25,83900
C01626,2024-12-01,South,Consumer,Email,51,70200
C01627,2024-07-20,West,Consumer,Search,44,56200
C01628,2023-04-01,West,Consumer,Social,43,69000
C01629,2025-05-10,South,Consumer,Search,36,35600
C01630,2024-09-29,South,Corporate,Search,51,127000
C01631,2023-11-06,South,Consumer,Search,39,61000
C01632,2024-08-22,West,Consumer,Email,45,55600
C01633,2023-12-24,Midwest,Consumer,Search,26,52800
C01634,2024-09-04,West,Consumer,Referral,51,56500
C01635,2024-03-28,South,Corporate,Search,53,100300
C01636,2023-05-12,Midwest,Small Business,Social,58,131100
C01637,2024-11-01,South,Consumer,Email,47,22000
C01638,2023-01-19,Northeast,Small Business,Email,26,
C01639,2024-03-05,Midwest,Consumer,Social,31,65900
C01640,2024-03-15,Northeast,Small Business,Social,26,70100
C01641,2024-09-12,West,Consumer,Search,55,52900
C01642,2025-06-28,South,Corporate,Search,29,95000
C01643,2024-08-26,Midwest,Corporate,Email,45,65200
C01644,2025-09-22,Northeast,Consumer,Email,25,70100
C01645,2023-06-04,Northeast,Consumer,Search,47,56600
C01646,2025-02-07,South,Corporate,Referral,43,69000
C01647,2023-06-22,West,Corporate,Referral,47,51900
C01648,2025-10-08,South,Corporate,Email,31,92400
C01649,2023-07-11,Midwest,Consumer,Email,35,75400
C01650,2024-08-17,South,Small Business,Social,37,45700
C01651,2024-08-22,Midwest,Corporate,Social,64,112100
C01652,2025-08-28,Northeast,Consumer,Social,34,85000
C01653,2023-06-11,West,Consumer,Search,55,78500
C01654,2023-06-01,Northeast,Corporate,Email,26,107200
C01655,2023-01-15,Midwest,Corporate,Search,52,112400
C01656,2025-04-16,Midwest,Consumer,Search,61,41000
C01657,2023-11-24,West,Consumer,Search,29,47300
C01658,2025-03-20,West,Small Business,Email,29,98700
C01659,2025-11-10,South,Corporate,Referral,32,117800
C01660,2025-04-03,Midwest,Consumer,Search,26,35400
C01661,2024-06-06,Northeast,Corporate,Search,30,101000
C01662,2025-08-25,South,Corporate,Social,50,90800
C01663,2023-07-12,South,Small Business,Email,39,66600
C01664,2023-11-15,West,Corporate,Email,39,69100
C01665,2025-04-01,Midwest,Small Business,Email,34,102100
C01666,2025-03-21,Northeast,Small Business,Email,37,58900
C01667,2024-10-18,Northeast,Small Business,Social,27,108600
C01668,2023-11-15,Midwest,Consumer,Social,48,64300
C01669,2024-05-06,West,Consumer,Social,36,81100
C01670,2025-05-10,West,Corporate,Search,52,172900
C01671,2024-03-12,Midwest,Corporate,Search,27,97800
C01672,2023-09-10,South,Small Business,Search,28,85900
C01673,2023-08-10,Midwest,Corporate,Email,36,99200
C01674,2023-02-15,Northeast,Consumer,Social,33,51500
C01675,2023-08-20,South,Consumer,Social,40,27700
C01676,2023-11-06,Northeast,Consumer,Social,49,61700
C01677,2023-11-03,South,Consumer,Email,34,60400
C01678,2023-12-03,West,Consumer,Social,51,62100
C01679,2023-11-04,Midwest,Corporate,Search,54,117300
C01680,2024-11-11,Midwest,Consumer,Search,50,29100
C01681,2023-11-03,Northeast,Consumer,Email,48,25400
C01682,2023-02-03,South,Corporate,Search,37,94000
C01683,2025-07-03,Northeast,Consumer,Search,18,39100
C01684,2025-08-21,Midwest,Consumer,Referral,47,75400
C01685,2024-12-21,West,Corporate,Social,18,103000
C01686,2023-03-27,Northeast,Consumer,Social,36,87100
C01687,2023-04-22,Midwest,Consumer,Social,54,77400
C01688,2023-02-26,South,Corporate,Referral,48,90900
C01689,2023-05-20,South,Consumer,Email,49,35000
C01690,2025-03-11,Midwest,Consumer,Email,39,22000
C01691,2025-08-04,Midwest,Consumer,Email,63,48300
C01692,2023-11-06,Northeast,Small Business,Email,35,77300
C01693,2024-05-02,West,Consumer,Email,23,38600
C01694,2023-07-21,West,Small Business,Search,28,105600
C01695,2023-11-14,Northeast,Corporate,Search,51,84800
C01696,2023-01-01,Northeast,Corporate,Social,41,123700
C01697,2024-11-07,West,Consumer,Search,22,43300
C01698,2023-09-22,Northeast,Consumer,Search,50,22000
C01699,2023-12-28,Midwest,Corporate,Search,51,
C01700,2024-04-10,Midwest,Small Business,Search,34,75700
C01701,2023-08-13,Northeast,Consumer,Social,39,70300
C01702,2023-09-18,West,Consumer,Referral,36,70600
C01703,2024-05-17,South,Consumer,Referral,21,52700
C01704,2025-07-20,South,Consumer,Social,31,67600
C01705,2025-11-06,South,Consumer,Search,47,67600
C01706,2025-02-15,West,Corporate,Social,31,
C01707,2025-10-20,West,Consumer,Referral,34,55700
C01708,2024-07-04,Midwest,Corporate,Search,28,128000
C01709,2023-02-01,West,Consumer,Social,18,56200
C01710,2023-09-05,Northeast,Consumer,Search,18,91600
C01711,2025-09-25,West,Consumer,Social,18,22000
C01712,2023-05-02,Midwest,Consumer,Email,43,26400
C01713,2023-05-04,South,Consumer,Email,20,35100
C01714,2025-02-01,Northeast,Corporate,Search,20,85100
C01715,2025-08-05,West,Consumer,Search,25,51600
C01716,2024-02-15,South,Small Business,Email,38,57400
C01717,2023-11-28,West,Small Business,Search,27,96800
C01718,2023-08-29,Midwest,Consumer,Referral,52,72300
C01719,2025-07-17,South,Consumer,Email,38,63900
C01720,2024-08-05,West,Consumer,Search,37,37100
C01721,2023-12-03,Midwest,Small Business,Referral,58,72600
C01722,2025-05-21,South,Consumer,Search,30,33200
C01723,2025-02-08,West,Consumer,Referral,31,22000
C01724,2024-05-02,South,Corporate,Social,44,79400
C01725,2024-11-07,South,Corporate,Search,26,87600
C01726,2025-08-01,West,Consumer,Search,50,72000
C01727,2025-10-18,West,Small Business,Email,32,91500
C01728,2023-11-29,Midwest,Consumer,Referral,23,81000
C01729,2025-07-31,West,Corporate,Social,46,80300
C01730,2024-04-16,West,Small Business,Email,27,63500
C01731,2023-10-28,Midwest,Small Business,Search,45,99200
C01732,2025-08-17,Midwest,Small Business,Search,57,98400
C01733,2024-12-15,South,Corporate,Email,52,49700
C01734,2025-05-27,West,Consumer,Social,26,22000
C01735,2025-01-07,West,Consumer,Search,19,80500
C01736,2025-06-04,Midwest,Consumer,Email,21,22200
C01737,2025-06-08,South,Consumer,Email,43,26700
C01738,2023-09-15,South,Small Business,Email,47,93700
C01739,2025-07-15,Midwest,Consumer,Email,42,22000
C01740,2023-06-05,South,Small Business,Email,24,96100
C01741,2023-06-26,Midwest,Consumer,Social,43,64600
C01742,2024-12-21,South,Corporate,Search,54,63100
C01743,2023-06-13,South,Consumer,Email,18,65200
C01744,2023-11-20,South,Consumer,Search,43,22000
C01745,2024-11-03,South,Consumer,Search,37,36100
C01746,2024-03-26,Midwest,Consumer,Email,28,27300
C01747,2023-07-12,South,Consumer,Referral,39,85200
C01748,2024-10-18,West,Small Business,Referral,35,55700
C01749,2025-10-25,South,Consumer,Search,39,30300
C01750,2023-04-12,Midwest,Corporate,Email,19,70000
C01751,2024-02-21,Northeast,Small Business,Social,39,104500
C01752,2023-12-09,Northeast,Consumer,Email,40,60100
C01753,2023-02-19,South,Consumer,Referral,44,67700
C01754,2025-06-29,South,Consumer,Social,60,62000
C01755,2024-09-28,Midwest,Corporate,Search,45,71400
C01756,2025-10-15,Northeast,Consumer,Social,26,75600
C01757,2023-08-28,West,Small Business,Search,35,106200
C01758,2024-05-15,West,Corporate,Referral,50,142700
C01759,2024-03-02,South,Consumer,Social,39,22000
C01760,2025-10-30,Northeast,Consumer,Email,18,22000
C01761,2023-02-04,South,Corporate,Search,39,101900
C01762,2025-11-12,Northeast,Consumer,Referral,28,22000
C01763,2023-10-31,Midwest,Small Business,Search,36,63500
C01764,2024-03-04,West,Corporate,Email,33,133300
C01765,2024-04-02,West,Small Business,Email,32,104400
C01766,2024-08-19,South,Corporate,Referral,25,96400
C01767,2024-09-04,Northeast,Consumer,Search,41,76400
C01768,2023-07-02,Midwest,Small Business,Email,30,73300
C01769,2025-01-15,Midwest,Consumer,Email,47,22000
C01770,2024-08-07,South,Consumer,Social,32,22000
C01771,2024-10-21,South,Consumer,Search,45,46800
C01772,2024-06-14,West,Consumer,Referral,51,38600
C01773,2025-03-29,Midwest,Consumer,Email,43,53400
C01774,2025-05-23,South,Consumer,Search,34,
C01775,2025-05-02,West,Consumer,Social,18,84300
C01776,2023-09-16,West,Small Business,Referral,30,43600
C01777,2024-01-11,West,Small Business,Search,18,44600
C01778,2023-05-10,South,Consumer,Social,50,47600
C01779,2024-01-25,West,Consumer,Email,46,55500
C01780,2023-08-28,Midwest,Consumer,Search,31,91300
C01781,2024-02-04,South,Corporate,Social,57,125900
C01782,2024-11-09,Midwest,Consumer,Search,65,91500
C01783,2023-04-02,Midwest,Consumer,Search,56,54800
C01784,2025-10-16,West,Small Business,Search,29,111800
C01785,2024-06-10,South,Consumer,Email,70,94900
C01786,2024-05-08,West,Consumer,Social,59,34600
C01787,2023-10-17,Northeast,Consumer,Search,43,50300
C01788,2023-11-27,Northeast,Consumer,Referral,25,88200
C01789,2024-12-05,West,Corporate,Referral,62,133200
C01790,2023-11-25,South,Consumer,Email,58,94000
C01791,2025-01-09,Midwest,Consumer,Email,32,31900
C01792,2025-05-03,South,Consumer,Search,35,48800
C01793,2023-02-27,West,Consumer,Social,45,
C01794,2025-02-04,Northeast,Small Business,Search,46,66200
C01795,2023-12-14,South,Corporate,Search,21,152700
C01796,2025-09-23,West,Consumer,Search,39,30900
C01797,2025-05-07,South,Consumer,Search,39,37800
C01798,2025-07-15,Midwest,Small Business,Email,28,106900
C01799,2023-01-10,South,Consumer,Email,24,68600
C01800,2024-07-01,West,Consumer,Referral,52,53400
C01801,2024-07-06,Midwest,Small Business,Email,46,78500
C01802,2024-01-25,Midwest,Consumer,Social,37,74800
C01803,2024-07-20,Northeast,Small Business,Social,54,87200
C01804,2025-03-12,South,Corporate,Social,60,118900
C01805,2023-08-03,West,Corporate,Referral,50,
C01806,2025-04-07,South,Consumer,Search,27,45300
C01807,2025-01-23,South,Corporate,Social,38,91600
C01808,2023-02-02,Midwest,Corporate,Email,60,106600
C01809,2023-10-25,Northeast,Corporate,Social,18,96400
C01810,2025-11-11,South,Corporate,Email,40,87400
C01811,2023-10-06,Midwest,Consumer,Search,41,90500
C01812,2023-05-27,Midwest,Consumer,Email,19,68700
C01813,2025-10-31,South,Consumer,Email,43,51000
C01814,2023-11-03,South,Consumer,Email,38,89900
C01815,2025-04-06,Northeast,Small Business,Search,51,102500
C01816,2024-12-04,South,Small Business,Referral,40,76300
C01817,2025-07-21,West,Small Business,Referral,30,119500
C01818,2025-09-12,Northeast,Consumer,Email,51,74000
C01819,2023-05-27,West,Corporate,Email,39,87200
C01820,2025-05-20,West,Consumer,Social,70,
C01821,2025-01-01,South,Small Business,Email,60,109900
C01822,2025-02-24,South,Consumer,Referral,30,45200
C01823,2025-06-20,South,Small Business,Social,62,94300
C01824,2024-12-26,Northeast,Consumer,Search,28,73000
C01825,2024-05-23,West,Small Business,Search,60,56100
C01826,2024-12-18,West,Consumer,Email,38,56600
C01827,2024-07-11,South,Consumer,Email,26,36700
C01828,2025-07-22,Northeast,Consumer,Search,26,22000
C01829,2025-08-27,West,Small Business,Referral,37,33900
C01830,2024-12-05,West,Consumer,Social,21,86500
C01831,2023-09-28,Midwest,Corporate,Search,42,110600
C01832,2023-04-22,West,Consumer,Social,54,74800
C01833,2023-09-27,Northeast,Consumer,Search,22,27800
C01834,2023-04-03,South,Consumer,Email,64,58200
C01835,2024-09-04,West,Consumer,Search,27,22000
C01836,2025-08-22,Northeast,Consumer,Referral,29,51200
C01837,2023-02-17,South,Corporate,Email,43,104800
C01838,2024-10-13,South,Corporate,Referral,37,119900
C01839,2024-08-11,West,Corporate,Referral,32,154400
C01840,2025-05-29,Northeast,Consumer,Social,53,53200
C01841,2025-09-19,South,Small Business,Email,33,81200
C01842,2024-04-02,Northeast,Consumer,Social,50,38600
C01843,2025-04-26,West,Small Business,Referral,29,71500
C01844,2024-10-14,Midwest,Consumer,Referral,20,113000
C01845,2023-01-31,West,Consumer,Social,44,87800
C01846,2025-08-05,South,Corporate,Social,39,135700
C01847,2025-01-25,West,Consumer,Search,47,74400
C01848,2023-07-11,Northeast,Consumer,Social,45,90700
C01849,2024-03-23,West,Consumer,Referral,33,65800
C01850,2023-10-17,Northeast,Consumer,Email,29,68300
C01851,2023-09-03,South,Corporate,Social,18,88300
C01852,2024-12-09,West,Corporate,Social,55,105400
C01853,2023-11-02,West,Consumer,Referral,56,59300
C01854,2023-03-21,West,Corporate,Search,40,112600
C01855,2025-02-28,South,Consumer,Referral,27,57500
C01856,2024-09-06,South,Consumer,Email,30,35000
C01857,2024-01-11,Northeast,Consumer,Email,32,85200
C01858,2023-04-15,West,Consumer,Search,24,90100
C01859,2023-06-07,Midwest,Corporate,Social,62,125700
C01860,2025-08-09,Northeast,Small Business,Email,29,78500
C01861,2024-10-15,Northeast,Corporate,Search,36,79500
C01862,2023-10-18,West,Consumer,Social,36,36700
C01863,2025-11-11,Northeast,Consumer,Social,37,22000
C01864,2025-02-01,West,Corporate,Email,48,100500
C01865,2025-07-13,South,Consumer,Social,49,26500
C01866,2025-05-05,Northeast,Consumer,Email,46,33400
C01867,2024-01-21,West,Consumer,Referral,49,22000
C01868,2025-04-14,Midwest,Corporate,Search,34,66900
C01869,2023-07-03,South,Consumer,Social,54,33900
C01870,2024-01-02,West,Corporate,Email,28,110000
C01871,2025-08-21,West,Consumer,Social,35,22000
C01872,2025-08-27,West,Corporate,Referral,49,82200
C01873,2024-02-11,Midwest,Small Business,Social,46,89000
C01874,2023-02-06,West,Consumer,Social,34,110500
C01875,2023-03-17,Northeast,Consumer,Search,19,79600
C01876,2023-10-11,Midwest,Consumer,Social,51,
C01877,2024-06-18,West,Small Business,Social,28,91000
C01878,2025-04-17,South,Consumer,Social,44,87400
C01879,2024-06-05,Northeast,Corporate,Referral,34,97400
C01880,2025-06-08,South,Corporate,Social,18,115500
C01881,2024-01-06,West,Small Business,Social,48,95600
C01882,2023-07-16,South,Consumer,Referral,56,72400
C01883,2023-09-06,Midwest,Consumer,Referral,47,81100
C01884,2025-05-30,West,Consumer,Social,55,64400
C01885,2025-01-12,Northeast,Corporate,Email,47,85300
C01886,2024-07-24,Northeast,Consumer,Social,34,97000
C01887,2023-06-17,South,Corporate,Referral,53,125700
C01888,2024-07-20,West,Consumer,Email,28,53900
C01889,2023-08-27,West,Corporate,Search,47,49300
C01890,2024-03-21,Midwest,Consumer,Referral,27,77000
C01891,2024-09-09,South,Consumer,Search,48,92500
C01892,2023-01-10,Midwest,Consumer,Email,47,22000
C01893,2024-07-25,Northeast,Corporate,Search,48,60400
C01894,2024-06-06,South,Consumer,Search,41,69400
C01895,2023-10-24,West,Consumer,Search,42,66700
C01896,2025-03-06,South,Consumer,Social,36,51600
C01897,2024-02-14,South,Corporate,Search,36,99500
C01898,2024-01-09,South,Consumer,Referral,21,71500
C01899,2023-05-26,Midwest,Corporate,Email,26,85700
C01900,2023-02-15,Midwest,Small Business,Social,60,100700
C01901,2025-02-02,Northeast,Consumer,Search,34,51300
C01902,2025-09-22,Midwest,Consumer,Search,31,53200
C01903,2023-09-30,West,Consumer,Search,18,
C01904,2024-10-14,West,Consumer,Email,18,78900
C01905,2023-06-27,West,Corporate,Search,59,128900
C01906,2024-09-10,Northeast,Corporate,Referral,36,97500
C01907,2023-10-27,West,Small Business,Social,35,52700
C01908,2023-01-06,West,Small Business,Search,36,63100
C01909,2023-07-21,Northeast,Consumer,Social,18,
C01910,2025-02-27,West,Consumer,Referral,39,67200
C01911,2023-05-11,Midwest,Corporate,Referral,43,86500
C01912,2024-08-30,Midwest,Consumer,Email,57,36900
C01913,2025-08-20,Midwest,Consumer,Social,54,57900
C01914,2023-03-26,West,Consumer,Search,49,64300
C01915,2024-05-05,Northeast,Consumer,Search,42,55100
C01916,2023-05-23,Midwest,Consumer,Social,40,54600
C01917,2024-05-03,West,Consumer,Search,27,65800
C01918,2024-01-02,West,Corporate,Social,50,79200
C01919,2025-02-19,South,Consumer,Search,38,26500
C01920,2024-12-12,West,Consumer,Search,32,72200
C01921,2023-06-17,West,Small Business,Referral,41,48500
C01922,2023-11-14,West,Consumer,Social,18,23400
C01923,2024-02-10,Northeast,Consumer,Social,38,81800
C01924,2024-07-13,South,Small Business,Social,44,52200
C01925,2023-04-03,West,Consumer,Search,45,45700
C01926,2024-09-06,West,Consumer,Email,48,84700
C01927,2024-08-18,Northeast,Corporate,Email,41,98300
C01928,2023-06-13,Northeast,Consumer,Email,34,37700
C01929,2025-04-14,Midwest,Consumer,Search,46,98400
C01930,2023-08-23,West,Consumer,Referral,43,51900
C01931,2025-04-05,Northeast,Consumer,Social,40,69300
C01932,2023-06-02,Midwest,Small Business,Search,26,110800
C01933,2023-04-20,West,Corporate,Referral,47,105300
C01934,2023-12-26,Midwest,Consumer,Social,42,22000
C01935,2025-09-18,South,Consumer,Search,18,54100
C01936,2023-12-27,South,Small Business,Email,30,60700
C01937,2024-01-19,South,Consumer,Referral,41,103200
C01938,2023-04-13,Midwest,Consumer,Email,37,72100
C01939,2025-04-27,Midwest,Consumer,Search,35,47400
C01940,2023-03-23,Midwest,Consumer,Search,42,71400
C01941,2024-09-28,South,Corporate,Search,21,103800
C01942,2025-11-07,West,Consumer,Email,42,50900
C01943,2025-11-11,West,Small Business,Search,29,96500
C01944,2025-07-03,West,Consumer,Social,56,63600
C01945,2024-02-10,South,Consumer,Search,37,22000
C01946,2023-03-13,South,Consumer,Social,53,89700
C01947,2025-07-17,Northeast,Corporate,Search,18,71300
C01948,2023-08-11,Northeast,Corporate,Search,30,121300
C01949,2023-12-31,South,Consumer,Email,45,88200
C01950,2024-11-10,Northeast,Corporate,Social,62,92100
C01951,2023-03-04,Northeast,Consumer,Social,38,42800
C01952,2023-07-28,West,Consumer,Search,47,105200
C01953,2025-02-13,West,Consumer,Referral,35,37300
C01954,2024-09-05,Northeast,Small Business,Email,32,44600
C01955,2023-08-25,Midwest,Small Business,Search,50,64500
C01956,2023-05-29,West,Consumer,Email,73,49300
C01957,2024-03-13,South,Consumer,Search,41,39900
C01958,2023-09-12,South,Small Business,Referral,18,90500
C01959,2024-12-26,West,Consumer,Referral,47,71900
C01960,2024-04-21,Northeast,Small Business,Referral,19,86400
C01961,2023-05-05,Midwest,Consumer,Search,53,82200
C01962,2024-10-22,South,Corporate,Search,45,87500
C01963,2025-06-01,South,Small Business,Search,59,75800
C01964,2024-03-04,West,Small Business,Social,39,65400
C01965,2025-10-19,West,Consumer,Search,30,80200
C01966,2024-03-10,West,Consumer,Social,46,26100
C01967,2023-08-22,Northeast,Consumer,Email,33,58100
C01968,2024-08-30,West,Small Business,Email,49,86800
C01969,2024-08-20,Midwest,Consumer,Email,59,59800
C01970,2025-03-09,South,Corporate,Social,39,106700
C01971,2023-05-27,Northeast,Small Business,Search,34,124600
C01972,2023-03-08,West,Small Business,Search,27,75500
C01973,2023-02-22,South,Consumer,Social,18,64800
C01974,2023-07-28,Midwest,Small Business,Social,40,82200
C01975,2025-07-30,Midwest,Consumer,Social,33,72400
C01976,2025-04-15,West,Consumer,Social,48,93400
C01977,2023-02-15,West,Consumer,Referral,35,39500
C01978,2025-10-10,South,Consumer,Social,47,
C01979,2023-04-02,South,Consumer,Search,60,90100
C01980,2024-07-20,Northeast,Small Business,Referral,51,112100
C01981,2024-03-01,West,Corporate,Search,41,102100
C01982,2024-07-24,South,Corporate,Search,18,55800
C01983,2024-08-04,South,Consumer,Social,32,47700
C01984,2024-02-07,South,Corporate,Search,48,105500
C01985,2023-03-05,Midwest,Consumer,Referral,52,65900
C01986,2023-12-07,South,Small Business,Search,46,102500
C01987,2025-09-02,West,Consumer,Search,43,77400
C01988,2025-05-17,South,Corporate,Email,18,67200
C01989,2024-04-26,Midwest,Consumer,Referral,36,51000
C01990,2024-10-19,South,Consumer,Search,27,77600
C01991,2025-07-15,Midwest,Consumer,Search,20,
C01992,2025-03-11,Midwest,Small Business,Referral,57,87300
C01993,2024-02-27,Midwest,Consumer,Social,56,23300
C01994,2024-05-30,South,Small Business,Referral,33,90000
C01995,2024-05-09,West,Consumer,Search,27,22000
C01996,2025-10-13,West,Corporate,Search,18,125700
C01997,2023-10-09,South,Consumer,Email,31,40200
C01998,2025-11-08,Northeast,Consumer,Social,35,92300
C01999,2023-09-04,West,Corporate,Referral,18,140300
C02000,2025-07-29,South,Small Business,Social,57,69900
C02001,2025-07-17,Midwest,Consumer,Search,53,71200
C02002,2025-10-31,West,Consumer,Search,48,59100
C02003,2025-08-28,Northeast,Corporate,Social,52,79300
C02004,2025-07-02,West,Consumer,Email,22,81300
C02005,2024-09-03,South,Consumer,Email,42,73200
C02006,2024-06-14,Midwest,Corporate,Referral,41,134100
C02007,2023-01-04,Midwest,Corporate,Referral,41,72900
C02008,2023-01-04,West,Corporate,Email,30,101600
C02009,2023-07-15,South,Consumer,Search,25,
C02010,2023-11-02,South,Consumer,Referral,37,22000
C02011,2023-11-29,West,Consumer,Social,52,59900
C02012,2024-03-14,Midwest,Consumer,Email,38,67500
C02013,2025-09-28,South,Consumer,Email,44,64100
C02014,2023-04-11,Midwest,Small Business,Social,24,96200
C02015,2024-08-12,South,Consumer,Referral,18,39400
C02016,2024-09-09,Northeast,Consumer,Email,18,81200
C02017,2025-02-19,South,Small Business,Referral,49,69600
C02018,2025-03-28,South,Corporate,Search,36,167000
C02019,2024-04-28,West,Consumer,Search,51,22000
C02020,2025-08-10,Northeast,Consumer,Social,53,53600
C02021,2025-08-12,West,Small Business,Search,32,77300
C02022,2023-12-30,South,Consumer,Search,44,35400
C02023,2025-03-13,South,Consumer,Social,26,80600
C02024,2025-03-19,West,Consumer,Search,29,42600
C02025,2025-01-06,West,Consumer,Email,31,33400
C02026,2024-03-26,South,Corporate,Email,53,79400
C02027,2024-05-27,South,Corporate,Social,46,91700
C02028,2025-04-09,Northeast,Consumer,Search,32,22500
C02029,2023-07-14,South,Corporate,Social,49,35700
C02030,2025-06-29,Northeast,Small Business,Social,32,68000
C02031,2023-01-14,West,Small Business,Social,49,83500
C02032,2025-09-14,West,Corporate,Search,43,103100
C02033,2025-09-08,South,Consumer,Search,26,30800
C02034,2024-02-01,Northeast,Consumer,Search,51,46000
C02035,2025-09-20,West,Consumer,Referral,47,36100
C02036,2025-02-06,South,Consumer,Social,50,64500
C02037,2023-02-04,South,Consumer,Email,52,54000
C02038,2024-06-07,Northeast,Small Business,Social,52,72000
C02039,2025-07-15,Midwest,Consumer,Social,38,39000
C02040,2025-01-28,South,Consumer,Search,35,73500
C02041,2023-05-15,West,Consumer,Referral,38,89500
C02042,2023-10-06,West,Corporate,Email,28,64100
C02043,2024-04-20,South,Small Business,Referral,37,107500
C02044,2025-10-21,Midwest,Small Business,Search,39,100200
C02045,2024-08-26,West,Consumer,Social,51,78200
C02046,2023-12-01,West,Consumer,Email,40,47600
C02047,2023-11-22,Midwest,Consumer,Email,65,36100
C02048,2023-09-18,South,Consumer,Search,29,73600
C02049,2025-08-19,West,Corporate,Search,36,99000
C02050,2024-03-02,West,Consumer,Referral,23,51800
C02051,2025-08-26,West,Corporate,Referral,51,131200
C02052,2023-02-03,South,Consumer,Social,37,31700
C02053,2023-08-26,South,Small Business,Email,49,76100
C02054,2024-05-04,Northeast,Consumer,Email,39,22000
C02055,2024-01-01,Northeast,Corporate,Social,36,103000
C02056,2025-02-21,South,Consumer,Social,59,43100
C02057,2023-04-02,Midwest,Consumer,Search,40,90500
C02058,2025-03-14,South,Consumer,Search,49,
C02059,2023-12-27,Midwest,Corporate,Email,23,79400
C02060,2024-11-30,West,Consumer,Email,36,26600
C02061,2023-07-18,Midwest,Corporate,Email,18,101800
C02062,2025-03-23,South,Consumer,Email,29,33300
C02063,2024-05-17,West,Consumer,Search,38,22000
C02064,2024-04-04,South,Consumer,Search,21,48100
C02065,2025-06-20,Northeast,Small Business,Search,51,66900
C02066,2025-02-26,West,Consumer,Search,23,67700
C02067,2023-05-15,West,Corporate,Social,29,107200
C02068,2023-08-07,Midwest,Consumer,Social,63,80600
C02069,2025-11-09,West,Corporate,Search,46,68800
C02070,2023-08-17,South,Consumer,Referral,43,70700
C02071,2024-05-29,Northeast,Consumer,Search,77,114700
C02072,2025-03-07,Northeast,Consumer,Search,27,66700
C02073,2023-07-28,Northeast,Corporate,Email,38,125500
C02074,2025-05-03,South,Consumer,Social,43,50200
C02075,2023-01-20,Midwest,Consumer,Search,48,54200
C02076,2023-06-28,Midwest,Consumer,Search,51,67900
C02077,2023-04-30,Northeast,Small Business,Referral,38,78400
C02078,2023-07-05,Midwest,Consumer,Search,34,29800
C02079,2025-08-18,South,Consumer,Referral,59,56800
C02080,2025-07-09,Northeast,Small Business,Social,49,100300
C02081,2023-08-22,Midwest,Small Business,Social,65,63700
C02082,2025-07-02,Midwest,Corporate,Social,45,160000
C02083,2024-08-10,Midwest,Corporate,Search,37,112600
C02084,2023-07-06,South,Corporate,Search,32,152100
C02085,2024-11-01,Northeast,Corporate,Search,38,70300
C02086,2024-06-11,Midwest,Consumer,Social,47,
C02087,2023-02-07,Midwest,Corporate,Search,67,87000
C02088,2024-07-12,South,Consumer,Social,40,94100
C02089,2024-11-10,South,Small Business,Search,24,103400
C02090,2024-07-05,Midwest,Consumer,Search,38,70900
C02091,2023-05-16,West,Consumer,Email,44,23200
C02092,2023-08-18,Northeast,Consumer,Referral,36,
C02093,2023-01-11,Northeast,Corporate,Search,46,126200
C02094,2024-03-02,Midwest,Corporate,Social,39,118000
C02095,2024-04-11,West,Corporate,Search,50,104000
C02096,2023-07-18,South,Consumer,Email,39,119700
C02097,2023-11-20,Northeast,Small Business,Referral,28,88900
C02098,2023-05-02,West,Consumer,Search,39,37100
C02099,2024-07-15,Midwest,Consumer,Search,19,84900
C02100,2023-07-21,South,Corporate,Social,33,124400
C02101,2025-05-14,Northeast,Corporate,Social,39,131000
C02102,2023-06-14,South,Corporate,Social,48,89800
C02103,2023-07-03,Northeast,Consumer,Social,53,67500
C02104,2024-06-04,South,Corporate,Referral,18,83000
C02105,2025-02-18,Northeast,Consumer,Search,54,67700
C02106,2024-08-13,West,Consumer,Social,31,22000
C02107,2023-07-04,Northeast,Consumer,Email,33,111300
C02108,2025-04-04,South,Consumer,Social,36,64800
C02109,2024-12-19,Northeast,Consumer,Search,26,75600
C02110,2024-09-09,Northeast,Consumer,Email,27,71100
C02111,2024-02-10,Northeast,Small Business,Social,42,94100
C02112,2023-03-09,Midwest,Corporate,Search,18,122100
C02113,2025-05-16,West,Consumer,Search,59,
C02114,2023-02-08,South,Small Business,Social,28,103800
C02115,2025-03-05,South,Consumer,Search,41,36300
C02116,2024-11-11,South,Consumer,Social,44,50900
C02117,2023-05-22,West,Consumer,Email,53,78500
C02118,2024-03-20,Northeast,Corporate,Email,36,106800
C02119,2024-10-13,Midwest,Consumer,Email,40,53000
C02120,2024-08-05,South,Small Business,Referral,41,138800
C02121,2024-05-22,Northeast,Consumer,Search,38,24600
C02122,2024-04-06,South,Consumer,Search,36,68400
C02123,2024-08-28,South,Consumer,Referral,37,99300
C02124,2025-07-27,South,Consumer,Social,70,100100
C02125,2024-11-06,South,Consumer,Email,27,44800
C02126,2024-03-04,West,Consumer,Referral,46,85100
C02127,2024-10-06,South,Small Business,Email,67,89600
C02128,2023-03-20,South,Corporate,Search,34,78400
C02129,2024-04-20,South,Consumer,Search,55,45700
C02130,2024-12-28,Midwest,Corporate,Search,38,82500
C02131,2024-01-27,Northeast,Corporate,Referral,35,97000
C02132,2025-08-04,West,Corporate,Email,18,93100
C02133,2024-11-08,Northeast,Consumer,Email,31,79700
C02134,2023-09-30,West,Consumer,Search,37,59200
C02135,2024-12-09,Northeast,Small Business,Social,44,96400
C02136,2025-07-31,Midwest,Consumer,Social,55,39700
C02137,2023-05-06,West,Consumer,Social,54,50200
C02138,2025-06-04,Northeast,Consumer,Search,35,112900
C02139,2025-02-02,South,Corporate,Search,36,118800
C02140,2024-03-31,West,Small Business,Social,38,69900
C02141,2024-11-27,Northeast,Corporate,Social,41,84000
C02142,2024-03-21,Midwest,Consumer,Email,40,
C02143,2024-10-14,South,Corporate,Social,63,142000
C02144,2024-05-21,Northeast,Corporate,Email,29,70900
C02145,2024-02-26,West,Consumer,Search,55,83700
C02146,2025-10-19,West,Consumer,Social,31,29000
C02147,2023-02-11,South,Corporate,Social,30,103400
C02148,2023-03-21,South,Small Business,Social,45,111000
C02149,2024-05-12,West,Consumer,Social,31,63800
C02150,2024-11-15,South,Corporate,Search,44,126500
C02151,2023-10-29,West,Consumer,Search,33,83600
C02152,2025-05-04,Midwest,Consumer,Search,36,73400
C02153,2025-01-19,South,Corporate,Referral,18,97800
C02154,2025-09-13,South,Small Business,Search,48,40700
C02155,2023-03-05,Northeast,Consumer,Search,42,58600
C02156,2025-10-16,South,Consumer,Referral,39,49100
C02157,2024-01-02,West,Consumer,Search,37,96900
C02158,2024-02-03,Northeast,Corporate,Referral,21,91600
C02159,2024-09-02,West,Consumer,Email,40,30300
C02160,2023-02-27,Midwest,Consumer,Search,35,41300
C02161,2025-10-23,West,Consumer,Social,43,108000
C02162,2025-08-05,Northeast,Small Business,Search,66,89000
C02163,2025-11-01,West,Small Business,Search,54,49800
C02164,2025-07-14,South,Consumer,Referral,69,63900
C02165,2024-01-03,West,Small Business,Search,32,107900
C02166,2025-08-31,West,Consumer,Social,39,86700
C02167,2023-05-06,South,Consumer,Social,29,44300
C02168,2024-06-13,Northeast,Corporate,Search,34,109000
C02169,2025-01-11,Northeast,Consumer,Search,52,70200
C02170,2024-12-24,South,Corporate,Social,18,107500
C02171,2023-05-02,South,Consumer,Search,31,85300
C02172,2024-08-09,Midwest,Consumer,Social,18,48300
C02173,2024-12-31,West,Corporate,Search,28,72600
C02174,2024-06-21,Midwest,Corporate,Referral,50,100200
C02175,2024-03-06,Midwest,Consumer,Social,36,51900
C02176,2025-07-09,Midwest,Consumer,Email,23,93000
C02177,2023-06-01,South,Corporate,Search,29,123000
C02178,2025-09-29,West,Small Business,Search,25,46000
C02179,2023-03-19,Northeast,Small Business,Email,18,48700
C02180,2024-03-18,South,Consumer,Referral,27,100600
C02181,2023-07-06,Northeast,Consumer,Social,60,96700
C02182,2023-03-09,West,Consumer,Search,29,58700
C02183,2024-09-30,West,Consumer,Search,58,59200
C02184,2025-07-24,Midwest,Consumer,Search,45,104000
C02185,2024-05-12,Northeast,Consumer,Social,21,101000
C02186,2023-06-18,South,Consumer,Search,49,29900
C02187,2024-09-15,Northeast,Consumer,Social,25,86900
C02188,2024-08-04,West,Consumer,Email,39,53100
C02189,2024-11-17,Midwest,Corporate,Social,63,83500
C02190,2025-07-02,Northeast,Consumer,Social,60,52800
C02191,2025-05-21,Midwest,Consumer,Social,38,65500
C02192,2023-06-22,Midwest,Consumer,Search,53,35600
C02193,2023-03-28,Northeast,Consumer,Social,63,23700
C02194,2024-01-21,Northeast,Consumer,Search,42,39000
C02195,2025-06-23,Northeast,Corporate,Referral,41,89400
C02196,2023-01-09,Northeast,Consumer,Email,34,43700
C02197,2024-09-14,South,Consumer,Search,64,77200
C02198,2023-01-12,West,Consumer,Search,53,36600
C02199,2023-01-30,West,Consumer,Search,59,52200
C02200,2024-03-31,West,Small Business,Search,25,95600
C02201,2025-07-28,Midwest,Consumer,Search,40,87500
C02202,2025-05-30,Midwest,Consumer,Social,35,34700
C02203,2024-03-22,South,Corporate,Social,45,111000
C02204,2024-03-24,Northeast,Corporate,Search,27,57400
C02205,2024-12-25,West,Small Business,Search,26,
C02206,2024-10-19,West,Consumer,Search,38,116600
C02207,2024-03-29,Northeast,Consumer,Search,30,70200
C02208,2023-03-20,West,Consumer,Social,18,36300
C02209,2025-03-08,Northeast,Consumer,Referral,49,70400
C02210,2024-04-21,South,Corporate,Social,31,89400
C02211,2024-11-30,West,Consumer,Email,20,71300
C02212,2025-10-19,South,Consumer,Search,34,81500
C02213,2024-07-14,Midwest,Small Business,Search,70,86000
C02214,2025-11-04,South,Corporate,Email,31,99700
C02215,2024-07-31,West,Corporate,Email,43,101400
C02216,2025-09-15,West,Small Business,Referral,31,73600
C02217,2025-08-15,South,Consumer,Email,47,92100
C02218,2025-09-15,Northeast,Small Business,Email,50,79400
C02219,2025-05-22,South,Consumer,Referral,39,95500
C02220,2024-08-28,Midwest,Consumer,Email,25,106200
C02221,2024-01-03,South,Consumer,Search,69,71500
C02222,2024-02-09,West,Consumer,Referral,60,118000
C02223,2025-02-11,West,Small Business,Social,49,74100
C02224,2024-06-29,South,Consumer,Search,35,
C02225,2024-05-23,Northeast,Small Business,Search,21,50100
C02226,2025-08-18,Northeast,Consumer,Search,34,110200
C02227,2024-10-20,South,Consumer,Search,32,59200
C02228,2024-05-23,Midwest,Consumer,Search,46,30800
C02229,2025-04-14,Northeast,Consumer,Email,45,91900
C02230,2025-05-06,South,Consumer,Search,57,49600
C02231,2023-11-23,South,Corporate,Email,74,93100
C02232,2024-02-08,South,Corporate,Referral,25,80200
C02233,2023-04-07,South,Corporate,Search,57,91500
C02234,2025-02-05,South,Consumer,Search,49,22000
C02235,2024-02-06,Northeast,Corporate,Social,25,38400
C02236,2023-05-25,West,Consumer,Search,58,94500
C02237,2025-05-12,South,Consumer,Search,40,64100
C02238,2024-06-09,Midwest,Small Business,Referral,50,87900
C02239,2023-09-27,Midwest,Corporate,Search,21,118100
C02240,2025-10-25,Midwest,Consumer,Email,40,23500
C02241,2024-05-11,South,Corporate,Email,41,
C02242,2023-06-07,South,Consumer,Search,67,66300
C02243,2025-03-14,South,Consumer,Email,18,82600
C02244,2024-01-03,West,Small Business,Search,62,45100
C02245,2024-09-18,West,Corporate,Search,37,129800
C02246,2023-08-07,West,Consumer,Referral,22,110300
C02247,2024-05-06,South,Consumer,Social,34,78600
C02248,2025-01-09,South,Consumer,Referral,33,63400
C02249,2023-07-22,South,Consumer,Search,70,
C02250,2025-05-14,Northeast,Consumer,Search,28,30200
C02251,2023-03-12,Midwest,Consumer,Email,30,63200
C02252,2025-04-19,Midwest,Corporate,Search,34,85700
C02253,2024-06-04,West,Corporate,Search,38,120600
C02254,2024-02-07,Northeast,Corporate,Social,33,93600
C02255,2024-08-15,South,Consumer,Email,34,73200
C02256,2023-11-25,West,Consumer,Search,35,25900
C02257,2024-03-09,West,Consumer,Email,34,43300
C02258,2024-08-25,South,Small Business,Search,65,83800
C02259,2023-02-22,Northeast,Consumer,Search,25,121700
C02260,2025-06-01,West,Consumer,Email,39,79900
C02261,2023-05-30,South,Corporate,Search,39,143800
C02262,2023-04-16,South,Corporate,Search,18,129700
C02263,2023-10-10,West,Corporate,Search,54,71100
C02264,2024-10-23,South,Consumer,Social,32,59900
C02265,2025-01-27,Northeast,Consumer,Email,39,62900
C02266,2024-06-16,West,Corporate,Search,18,100000
C02267,2024-01-04,West,Consumer,Search,34,39800
C02268,2024-10-07,South,Consumer,Social,30,22000
C02269,2024-07-10,South,Corporate,Referral,18,100700
C02270,2025-05-08,West,Consumer,Search,47,52400
C02271,2023-12-30,South,Consumer,Referral,36,68000
C02272,2024-08-24,South,Consumer,Search,47,65000
C02273,2023-01-25,West,Corporate,Search,48,101700
C02274,2025-08-29,South,Corporate,Email,34,84400
C02275,2024-04-25,Northeast,Consumer,Social,20,22700
C02276,2024-06-02,Northeast,Consumer,Social,28,59800
C02277,2023-07-15,Northeast,Consumer,Referral,39,54800
C02278,2025-09-29,Northeast,Consumer,Referral,27,110600
C02279,2023-04-24,South,Consumer,Social,37,60100
C02280,2024-05-30,West,Corporate,Referral,29,97600
C02281,2024-06-07,Midwest,Consumer,Search,23,79400
C02282,2023-02-23,South,Corporate,Search,50,93500
C02283,2023-09-08,South,Corporate,Search,38,131900
C02284,2025-05-04,West,Consumer,Referral,23,81600
C02285,2024-03-09,West,Consumer,Email,18,49000
C02286,2023-10-15,Midwest,Small Business,Search,43,76400
C02287,2024-05-10,Northeast,Small Business,Referral,61,120200
C02288,2025-05-06,West,Consumer,Search,33,63800
C02289,2024-10-09,West,Corporate,Search,42,105100
C02290,2024-08-30,West,Small Business,Search,33,69800
C02291,2023-02-09,South,Consumer,Email,18,66800
C02292,2025-09-08,Northeast,Consumer,Search,33,100000
C02293,2024-09-09,West,Consumer,Search,35,100800
C02294,2023-03-21,Northeast,Consumer,Search,41,86600
C02295,2024-09-15,Midwest,Consumer,Referral,20,116400
C02296,2023-01-26,West,Consumer,Search,30,28400
C02297,2023-08-20,South,Consumer,Search,29,49400
C02298,2023-01-18,Midwest,Consumer,Social,31,53900
C02299,2023-12-20,South,Small Business,Email,48,93300
C02300,2024-10-05,Northeast,Small Business,Referral,47,83400
C02301,2024-07-03,South,Consumer,Referral,38,38300
C02302,2023-08-15,South,Consumer,Referral,36,76300
C02303,2023-02-25,South,Consumer,Search,41,33300
C02304,2025-08-19,Midwest,Small Business,Social,52,94800
C02305,2024-11-29,Midwest,Consumer,Search,49,59700
C02306,2025-06-24,West,Consumer,Search,43,22800
C02307,2025-10-18,West,Consumer,Social,53,68300
C02308,2024-12-14,South,Consumer,Search,36,66900
C02309,2025-07-19,South,Consumer,Search,61,58800
C02310,2025-08-23,South,Small Business,Email,18,
C02311,2024-09-29,Midwest,Consumer,Social,18,60500
C02312,2023-07-23,Midwest,Small Business,Email,30,81800
C02313,2023-01-26,Midwest,Consumer,Email,57,75100
C02314,2024-08-25,Midwest,Consumer,Social,58,86100
C02315,2025-08-24,Northeast,Consumer,Search,59,45600
C02316,2023-02-06,South,Consumer,Search,20,56800
C02317,2024-12-28,Midwest,Corporate,Email,46,86600
C02318,2024-03-17,West,Consumer,Email,47,104700
C02319,2024-06-14,West,Consumer,Email,53,85600
C02320,2024-01-31,South,Consumer,Search,34,55300
C02321,2024-01-12,West,Consumer,Search,33,27500
C02322,2024-01-18,West,Small Business,Search,55,110800
C02323,2024-11-03,West,Consumer,Referral,47,22900
C02324,2025-09-29,South,Consumer,Referral,54,38100
C02325,2025-06-11,Midwest,Small Business,Social,24,109100
C02326,2024-03-04,West,Corporate,Social,23,146500
C02327,2024-01-21,South,Consumer,Referral,46,75200
C02328,2025-11-14,South,Consumer,Referral,53,113800
C02329,2023-02-17,Midwest,Consumer,Email,28,70300
C02330,2025-04-28,South,Corporate,Referral,29,85300
C02331,2025-11-03,West,Corporate,Email,46,85400
C02332,2025-01-18,West,Corporate,Social,61,106500
C02333,2025-03-20,West,Consumer,Email,47,58900
C02334,2023-10-27,West,Consumer,Search,31,58900
C02335,2024-10-09,Midwest,Corporate,Search,36,153100
C02336,2023-06-02,West,Consumer,Social,43,37600
C02337,2023-06-28,West,Consumer,Social,18,57500
C02338,2023-09-20,South,Consumer,Search,28,39700
C02339,2024-12-14,South,Corporate,Email,32,107400
C02340,2024-06-17,Northeast,Consumer,Search,29,53800
C02341,2023-02-20,South,Corporate,Referral,22,98100
C02342,2023-09-12,South,Consumer,Email,33,72200
C02343,2024-05-31,West,Consumer,Social,23,41300
C02344,2023-10-27,South,Corporate,Search,37,63300
C02345,2025-10-29,West,Corporate,Social,30,54700
C02346,2023-02-12,South,Consumer,Referral,35,90000
C02347,2023-12-13,West,Consumer,Social,45,51600
C02348,2025-01-14,Midwest,Consumer,Search,40,97900
C02349,2023-07-17,West,Consumer,Referral,40,51800
C02350,2023-05-29,West,Consumer,Search,37,58600
C02351,2024-09-25,South,Small Business,Social,32,80900
C02352,2024-03-20,West,Consumer,Email,71,96900
C02353,2024-03-13,Northeast,Consumer,Email,40,62700
C02354,2024-08-22,Northeast,Consumer,Search,51,81500
C02355,2023-02-19,South,Corporate,Search,38,68100
C02356,2024-03-13,West,Consumer,Social,40,125200
C02357,2024-03-07,Midwest,Consumer,Search,48,79100
C02358,2023-08-13,West,Small Business,Email,33,89300
C02359,2023-03-07,Northeast,Consumer,Social,20,
C02360,2024-08-13,Midwest,Consumer,Email,33,41400
C02361,2024-11-28,West,Consumer,Social,36,71000
C02362,2023-05-21,South,Consumer,Social,30,117900
C02363,2024-09-11,Midwest,Corporate,Search,59,127300
C02364,2023-12-08,South,Consumer,Referral,36,66400
C02365,2024-06-22,South,Consumer,Search,31,48400
C02366,2024-08-20,South,Small Business,Search,18,90600
C02367,2023-07-01,West,Consumer,Social,63,59200
C02368,2024-05-18,Northeast,Consumer,Referral,62,51800
C02369,2025-05-14,South,Corporate,Social,57,87900
C02370,2024-08-31,Midwest,Consumer,Referral,40,102400
C02371,2023-04-02,West,Corporate,Email,19,107800
C02372,2025-08-11,Midwest,Consumer,Referral,46,59900
C02373,2025-04-08,Midwest,Consumer,Email,33,60100
C02374,2024-06-28,South,Consumer,Referral,64,80300
C02375,2024-12-17,South,Consumer,Referral,50,69000
C02376,2025-05-02,Northeast,Consumer,Search,38,22000
C02377,2024-09-24,Northeast,Corporate,Referral,61,78900
C02378,2025-04-26,Midwest,Consumer,Email,20,77800
C02379,2023-12-08,West,Small Business,Email,25,75000
C02380,2025-08-15,Northeast,Consumer,Email,18,34400
C02381,2023-01-21,West,Corporate,Search,44,93600
C02382,2025-01-12,West,Corporate,Search,38,70400
C02383,2024-09-14,South,Consumer,Search,30,97900
C02384,2024-04-29,South,Consumer,Social,43,102300
C02385,2023-03-30,Midwest,Small Business,Search,31,48400
C02386,2023-02-13,Northeast,Consumer,Social,18,36600
C02387,2024-09-09,Midwest,Consumer,Social,18,38400
C02388,2023-06-21,South,Consumer,Search,37,43800
C02389,2024-06-30,South,Small Business,Referral,30,71400
C02390,2023-03-10,South,Consumer,Search,46,100600
C02391,2024-07-23,South,Corporate,Social,18,110800
C02392,2023-11-14,West,Consumer,Social,26,102000
C02393,2024-08-13,West,Corporate,Social,37,84100
C02394,2025-09-22,Northeast,Corporate,Search,22,62700
C02395,2023-03-17,Midwest,Small Business,Search,46,126300
C02396,2024-12-22,South,Consumer,Search,34,37400
C02397,2023-09-20,West,Corporate,Search,48,99200
C02398,2024-08-16,Northeast,Small Business,Search,48,81300
C02399,2025-02-20,West,Corporate,Search,20,
C02400,2023-08-10,South,Consumer,Social,59,86100
C02401,2024-03-24,Northeast,Consumer,Search,21,69400
C02402,2024-07-26,West,Consumer,Social,52,105100
C02403,2025-06-09,Northeast,Consumer,Social,19,65700
C02404,2023-05-25,Northeast,Consumer,Referral,40,22000
C02405,2025-11-05,South,Consumer,Referral,40,58000
C02406,2025-04-13,Midwest,Corporate,Email,49,88900
C02407,2024-05-24,Midwest,Corporate,Email,56,65900
C02408,2024-02-26,Northeast,Small Business,Search,32,82200
C02409,2023-05-11,South,Consumer,Referral,30,22000
C02410,2025-09-02,Northeast,Corporate,Referral,49,122400
C02411,2024-02-29,West,Consumer,Search,36,35800
C02412,2024-07-24,Northeast,Corporate,Email,39,90800
C02413,2024-08-25,West,Consumer,Email,23,36700
C02414,2023-12-23,Midwest,Consumer,Search,47,86100
C02415,2023-07-22,West,Consumer,Social,43,58400
C02416,2023-03-20,Northeast,Consumer,Referral,74,71500
C02417,2023-07-01,Midwest,Small Business,Search,18,62300
C02418,2025-05-10,South,Corporate,Email,27,100200
C02419,2025-02-10,South,Consumer,Social,61,30400
C02420,2024-01-20,West,Corporate,Social,24,109900
C02421,2023-07-22,West,Consumer,Search,35,88400
C02422,2025-10-30,Midwest,Small Business,Search,58,136400
C02423,2023-03-07,South,Consumer,Email,43,
C02424,2024-02-09,Northeast,Consumer,Email,26,86800
C02425,2023-09-12,South,Consumer,Email,65,66300
C02426,2025-08-15,Midwest,Corporate,Search,49,91400
C02427,2023-01-02,South,Small Business,Social,37,113700
C02428,2025-06-26,West,Corporate,Referral,63,111300
C02429,2025-02-28,South,Consumer,Social,42,75600
C02430,2025-01-27,West,Small Business,Social,22,84400
C02431,2023-09-15,West,Consumer,Search,34,55100
C02432,2025-01-20,Northeast,Consumer,Search,20,48800
C02433,2023-11-11,South,Consumer,Email,35,60200
C02434,2023-02-14,West,Small Business,Email,25,67300
C02435,2025-02-28,Midwest,Small Business,Search,47,37200
C02436,2025-03-31,West,Corporate,Social,47,82600
C02437,2023-11-09,Northeast,Corporate,Email,28,106000
C02438,2024-08-21,Midwest,Consumer,Social,30,22000
C02439,2024-09-23,West,Corporate,Social,52,109000
C02440,2023-09-28,Northeast,Consumer,Email,36,62700
C02441,2025-04-30,West,Consumer,Email,32,74600
C02442,2023-06-26,South,Consumer,Referral,56,69000
C02443,2025-01-10,Northeast,Consumer,Search,27,44300
C02444,2023-12-18,Midwest,Corporate,Social,31,79700
C02445,2024-06-10,South,Small Business,Social,61,79400
C02446,2023-08-14,South,Consumer,Email,30,67100
C02447,2023-01-15,South,Consumer,Search,18,59000
C02448,2025-08-28,Midwest,Small Business,Social,30,91200
C02449,2023-01-07,West,Consumer,Search,32,62800
C02450,2023-06-13,Northeast,Corporate,Social,44,48000
C02451,2023-04-13,Northeast,Consumer,Email,53,39900
C02452,2024-07-04,Midwest,Consumer,Social,18,32500
C02453,2023-08-08,South,Small Business,Referral,18,65800
C02454,2024-04-17,South,Small Business,Email,23,58000
C02455,2023-10-06,West,Corporate,Search,44,101300
C02456,2024-08-05,West,Consumer,Email,39,50100
C02457,2023-08-20,South,Corporate,Referral,28,75000
C02458,2024-02-10,South,Corporate,Email,18,94000
C02459,2024-09-09,West,Consumer,Referral,45,22000
C02460,2025-03-01,South,Consumer,Social,18,64500
C02461,2023-02-26,Midwest,Consumer,Social,27,22000
C02462,2024-04-09,West,Consumer,Social,37,51900
C02463,2024-05-18,West,Corporate,Referral,61,75700
C02464,2024-04-06,Midwest,Corporate,Search,65,75000
C02465,2023-10-14,South,Small Business,Search,44,76700
C02466,2023-07-01,Northeast,Consumer,Social,22,84300
C02467,2025-02-05,South,Consumer,Social,39,57900
C02468,2025-03-03,West,Corporate,Email,28,135300
C02469,2023-05-14,West,Consumer,Search,66,22000
C02470,2025-04-21,South,Consumer,Referral,66,86500
C02471,2023-05-06,South,Consumer,Search,49,54500
C02472,2023-06-21,West,Small Business,Referral,49,82600
C02473,2025-09-05,Midwest,Consumer,Social,43,102400
C02474,2025-11-02,Northeast,Small Business,Referral,54,154100
C02475,2023-01-09,South,Small Business,Email,20,102500
C02476,2025-06-04,Northeast,Consumer,Search,43,76400
C02477,2025-01-25,South,Corporate,Email,40,63600
C02478,2024-05-01,South,Small Business,Social,23,109800
C02479,2024-08-05,Northeast,Consumer,Social,45,93600
C02480,2025-02-27,West,Corporate,Search,52,130900
C02481,2024-03-23,Northeast,Consumer,Email,29,42900
C02482,2024-06-08,Midwest,Consumer,Referral,19,73000
C02483,2024-03-26,West,Consumer,Referral,55,74700
C02484,2024-05-04,Northeast,Corporate,Social,23,119200
C02485,2023-05-01,South,Consumer,Referral,58,81900
C02486,2024-02-16,Northeast,Consumer,Referral,27,89700
C02487,2023-07-17,Northeast,Consumer,Social,37,86000
C02488,2023-05-19,South,Small Business,Referral,45,71700
C02489,2023-01-30,Midwest,Small Business,Search,41,71300
C02490,2024-04-02,South,Consumer,Social,27,80800
C02491,2024-12-16,Midwest,Corporate,Email,39,137800
C02492,2023-03-18,West,Corporate,Referral,44,117900
C02493,2024-04-21,West,Small Business,Email,44,77200
C02494,2023-03-30,South,Consumer,Email,34,109500
C02495,2023-05-31,Northeast,Consumer,Email,56,94200
C02496,2025-08-19,Midwest,Consumer,Search,36,80500
C02497,2025-01-01,South,Corporate,Search,45,102400
C02498,2023-09-09,Northeast,Corporate,Email,36,119600
C02499,2025-06-18,South,Consumer,Search,34,69800
C02500,2023-11-09,South,Consumer,Search,36,22000
C02501,2024-11-20,West,Small Business,Search,45,69800
C02502,2025-07-27,Midwest,Consumer,Email,46,32700
C02503,2024-06-30,West,Consumer,Search,41,41400
C02504,2024-05-19,West,Consumer,Search,46,75500
C02505,2025-03-31,Northeast,Corporate,Social,56,117900
C02506,2024-08-04,South,Corporate,Search,48,109200
C02507,2025-02-09,Northeast,Consumer,Email,43,72000
C02508,2024-04-24,Midwest,Consumer,Social,42,56200
C02509,2024-03-08,West,Corporate,Search,32,115100
C02510,2023-06-26,West,Consumer,Search,43,66400
C02511,2023-08-06,West,Corporate,Referral,37,127200
C02512,2024-01-26,Midwest,Small Business,Email,29,135900
C02513,2025-04-07,West,Consumer,Email,54,61900
C02514,2024-06-18,Midwest,Consumer,Search,62,66600
C02515,2024-10-14,South,Consumer,Search,54,50400
C02516,2023-12-31,South,Corporate,Referral,29,108300
C02517,2023-08-22,West,Consumer,Referral,53,53100
C02518,2023-07-23,Midwest,Consumer,Email,21,48400
C02519,2023-09-25,Midwest,Consumer,Social,50,83800
C02520,2023-01-19,South,Consumer,Social,23,86400
C02521,2023-08-13,Midwest,Consumer,Referral,30,51700
C02522,2025-05-21,Midwest,Consumer,Email,41,84000
C02523,2025-03-21,South,Small Business,Social,57,23600
C02524,2024-01-30,South,Consumer,Social,19,53500
C02525,2024-06-28,South,Consumer,Referral,60,82300
C02526,2025-09-29,West,Consumer,Referral,43,32000
C02527,2025-05-14,Midwest,Consumer,Social,35,22000
C02528,2025-02-26,West,Corporate,Social,46,131000
C02529,2024-04-01,Midwest,Consumer,Search,18,65500
C02530,2025-02-25,Midwest,Consumer,Search,27,74100
C02531,2023-12-27,West,Consumer,Social,52,103100
C02532,2025-10-28,South,Consumer,Referral,55,57900
C02533,2025-05-21,Northeast,Corporate,Referral,44,105900
C02534,2025-01-12,West,Corporate,Social,41,80300
C02535,2024-12-11,West,Consumer,Social,61,48000
C02536,2023-06-05,West,Consumer,Search,40,39600
C02537,2024-11-27,South,Consumer,Social,45,28500
C02538,2025-02-11,Midwest,Consumer,Social,45,79700
C02539,2025-09-15,South,Consumer,Search,38,43500
C02540,2024-02-12,South,Consumer,Email,57,41900
C02541,2023-01-28,South,Consumer,Email,57,82900
C02542,2024-01-18,South,Consumer,Social,18,33400
C02543,2023-09-22,Midwest,Consumer,Referral,52,83400
C02544,2024-12-19,West,Consumer,Email,44,73000
C02545,2025-10-11,Midwest,Small Business,Email,28,52800
C02546,2023-02-11,West,Consumer,Email,37,64900
C02547,2025-01-14,South,Corporate,Referral,41,38100
C02548,2024-11-15,Northeast,Corporate,Search,18,103700
C02549,2024-09-30,South,Corporate,Social,61,99300
C02550,2024-12-27,Midwest,Small Business,Referral,51,83800
C02551,2023-10-25,South,Corporate,Social,28,91100
C02552,2024-12-24,South,Corporate,Referral,18,39300
C02553,2023-12-25,Midwest,Consumer,Email,37,67500
C02554,2023-02-10,South,Consumer,Search,33,52900
C02555,2025-11-05,South,Consumer,Search,36,39300
C02556,2023-02-12,South,Consumer,Referral,18,57700
C02557,2023-03-24,South,Consumer,Referral,33,46200
C02558,2023-11-30,South,Corporate,Social,46,107500
C02559,2025-11-10,Midwest,Small Business,Social,50,101000
C02560,2024-10-20,West,Consumer,Search,35,57000
C02561,2025-06-29,South,Consumer,Social,41,61900
C02562,2024-03-06,Midwest,Corporate,Email,45,104800
C02563,2024-07-24,West,Corporate,Email,40,83000
C02564,2025-01-09,Midwest,Consumer,Referral,27,55700
C02565,2024-01-12,South,Small Business,Search,44,65000
C02566,2024-08-06,Midwest,Small Business,Email,50,90600
C02567,2025-06-10,South,Small Business,Social,34,77500
C02568,2024-12-16,Midwest,Corporate,Referral,45,82300
C02569,2025-08-03,Midwest,Consumer,Social,25,70800
C02570,2023-04-24,South,Corporate,Email,39,114500
C02571,2023-12-15,South,Consumer,Search,37,59700
C02572,2024-12-15,Northeast,Corporate,Referral,30,135000
C02573,2023-10-17,West,Corporate,Social,66,93300
C02574,2023-02-13,Northeast,Consumer,Search,46,81900
C02575,2025-06-23,West,Consumer,Email,54,61400
C02576,2024-11-24,West,Consumer,Email,19,30500
C02577,2023-12-30,South,Consumer,Social,42,60500
C02578,2023-06-10,South,Consumer,Email,46,38700
C02579,2025-06-27,South,Corporate,Social,56,67600
C02580,2023-07-22,Northeast,Consumer,Email,38,22000
C02581,2023-05-02,West,Small Business,Social,28,59400
C02582,2023-07-04,South,Small Business,Search,25,63900
C02583,2024-05-20,Midwest,Small Business,Referral,31,136500
C02584,2023-08-02,Northeast,Consumer,Email,39,58600
C02585,2025-11-05,West,Small Business,Referral,57,73900
C02586,2023-09-06,West,Consumer,Search,44,53600
C02587,2023-04-24,South,Consumer,Referral,41,83900
C02588,2023-10-14,South,Consumer,Referral,33,82200
C02589,2023-09-01,West,Small Business,Email,28,50200
C02590,2024-02-11,West,Consumer,Social,57,50800
C02591,2023-01-28,West,Consumer,Email,29,37000
C02592,2023-11-22,South,Consumer,Social,28,33400
C02593,2025-07-23,Northeast,Consumer,Email,47,40700
C02594,2023-05-24,West,Consumer,Social,18,47400
C02595,2025-09-27,West,Consumer,Search,57,22000
C02596,2024-12-27,Midwest,Consumer,Email,25,81800
C02597,2025-01-22,Midwest,Consumer,Social,32,22000
C02598,2023-08-03,South,Small Business,Email,42,41300
C02599,2024-12-24,South,Corporate,Email,62,133400
C02600,2023-07-07,West,Consumer,Search,47,32800
C02601,2025-05-19,South,Consumer,Social,18,45900
C02602,2025-09-20,West,Corporate,Referral,47,87500
C02603,2023-09-19,South,Corporate,Social,35,103000
C02604,2023-08-04,Northeast,Corporate,Social,55,99500
C02605,2023-05-29,South,Consumer,Search,22,85700
C02606,2023-05-28,West,Small Business,Search,29,65800
C02607,2023-04-13,West,Consumer,Social,36,80800
C02608,2024-01-08,West,Consumer,Social,45,43100
C02609,2025-05-24,Northeast,Small Business,Social,28,119500
C02610,2023-05-01,Northeast,Consumer,Search,45,42800
C02611,2024-03-01,South,Consumer,Search,39,39800
C02612,2023-04-25,Northeast,Consumer,Social,30,54500
C02613,2024-01-07,South,Corporate,Social,25,132800
C02614,2024-02-12,South,Corporate,Search,54,90700
C02615,2024-04-11,South,Consumer,Social,53,81600
C02616,2023-07-24,Northeast,Consumer,Social,23,57800
C02617,2025-03-03,Northeast,Consumer,Search,50,33800
C02618,2023-11-14,West,Consumer,Search,18,65300
C02619,2024-07-19,West,Corporate,Search,21,133200
C02620,2023-04-23,West,Small Business,Email,47,80900
C02621,2023-12-23,South,Small Business,Search,18,75000
C02622,2023-12-16,West,Corporate,Email,33,116600
C02623,2023-07-04,South,Small Business,Email,34,
C02624,2024-11-04,Northeast,Small Business,Search,20,125900
C02625,2025-08-17,Midwest,Small Business,Search,18,117100
C02626,2023-02-15,South,Consumer,Social,50,80300
C02627,2023-08-04,Northeast,Consumer,Email,54,90200
C02628,2024-06-06,West,Consumer,Email,36,31700
C02629,2023-06-03,South,Corporate,Search,35,73600
C02630,2025-07-06,South,Consumer,Search,32,42800
C02631,2023-09-12,Northeast,Small Business,Referral,31,93900
C02632,2023-11-23,Midwest,Consumer,Search,41,80600
C02633,2025-04-20,Midwest,Consumer,Email,18,49200
C02634,2023-08-28,Northeast,Consumer,Search,33,26500
C02635,2024-12-09,South,Consumer,Search,51,60100
C02636,2024-11-24,South,Consumer,Social,70,51200
C02637,2025-06-29,West,Small Business,Email,63,78600
C02638,2024-08-07,West,Consumer,Search,23,61900
C02639,2025-08-18,Midwest,Consumer,Social,56,22400
C02640,2025-07-30,Northeast,Consumer,Social,35,38000
C02641,2025-06-05,South,Small Business,Search,39,82300
C02642,2024-02-15,South,Consumer,Email,35,73600
C02643,2025-04-01,West,Consumer,Social,47,47900
C02644,2025-07-01,South,Corporate,Search,48,68500
C02645,2024-12-31,Midwest,Consumer,Email,27,22000
C02646,2024-07-05,Northeast,Consumer,Search,41,60700
C02647,2023-06-21,Northeast,Small Business,Search,35,107900
C02648,2025-07-08,West,Corporate,Search,55,131100
C02649,2023-09-15,West,Corporate,Social,54,141200
C02650,2025-05-06,Midwest,Corporate,Email,18,70600
C02651,2023-12-17,West,Consumer,Referral,48,55400
C02652,2024-03-04,South,Consumer,Email,39,69000
C02653,2023-02-01,Northeast,Consumer,Email,29,85400
C02654,2023-10-18,South,Small Business,Email,34,
C02655,2024-09-12,Midwest,Consumer,Email,71,81100
C02656,2024-07-20,West,Consumer,Social,44,56600
C02657,2025-06-28,West,Consumer,Referral,40,59700
C02658,2024-04-17,West,Corporate,Search,40,124200
C02659,2023-03-21,South,Corporate,Email,50,93400
C02660,2023-01-06,South,Small Business,Referral,18,67300
C02661,2024-11-17,West,Corporate,Search,47,130500
C02662,2023-09-04,South,Consumer,Referral,31,111800
C02663,2025-09-13,South,Consumer,Search,50,85400
C02664,2023-12-15,South,Corporate,Search,22,138200
C02665,2023-07-14,West,Consumer,Social,48,69100
C02666,2024-10-30,Northeast,Small Business,Search,22,67500
C02667,2023-09-01,West,Consumer,Search,36,22000
C02668,2024-08-24,Midwest,Consumer,Email,23,54200
C02669,2025-10-10,South,Small Business,Referral,26,98200
C02670,2023-05-27,Northeast,Corporate,Search,55,137400
C02671,2023-06-14,West,Consumer,Search,23,104700
C02672,2024-06-03,Northeast,Consumer,Search,48,51200
C02673,2023-11-28,South,Consumer,Referral,29,22000
C02674,2024-11-15,Midwest,Consumer,Social,31,89200
C02675,2024-09-16,West,Corporate,Referral,39,85800
C02676,2023-10-11,Northeast,Corporate,Email,29,99400
C02677,2023-10-23,South,Consumer,Search,35,93300
C02678,2023-09-06,South,Corporate,Referral,27,62700
C02679,2023-01-17,Midwest,Consumer,Social,34,56300
C02680,2023-02-07,Northeast,Small Business,Referral,34,107200
C02681,2023-04-04,South,Consumer,Social,27,49300
C02682,2023-03-05,Midwest,Consumer,Search,40,23300
C02683,2023-07-16,Northeast,Consumer,Search,39,25200
C02684,2025-06-28,West,Small Business,Social,24,62600
C02685,2023-07-27,South,Consumer,Social,39,60400
C02686,2023-11-03,Northeast,Consumer,Email,34,72800
C02687,2023-11-23,Northeast,Consumer,Search,26,106500
C02688,2023-01-04,Midwest,Consumer,Email,29,60700
C02689,2023-07-18,Midwest,Corporate,Referral,24,112200
C02690,2025-07-11,Northeast,Consumer,Search,51,65000
C02691,2024-05-20,West,Consumer,Social,31,64500
C02692,2024-03-21,West,Small Business,Email,45,
C02693,2023-01-13,Northeast,Consumer,Social,46,40800
C02694,2024-03-11,West,Consumer,Search,18,83100
C02695,2024-09-30,Northeast,Consumer,Search,42,68500
C02696,2023-03-14,South,Consumer,Search,18,63700
C02697,2024-01-19,South,Corporate,Referral,18,96800
C02698,2024-08-09,West,Corporate,Email,18,76900
C02699,2023-07-12,Midwest,Corporate,Social,35,88100
C02700,2023-11-11,West,Consumer,Search,48,47200
C02701,2023-08-10,South,Consumer,Search,46,38200
C02702,2024-12-24,Northeast,Consumer,Email,33,40100
C02703,2024-08-07,West,Consumer,Referral,66,57200
C02704,2024-04-02,Midwest,Consumer,Referral,32,72100
C02705,2025-01-03,Midwest,Small Business,Social,56,133200
C02706,2025-03-22,South,Consumer,Email,36,47000
C02707,2024-08-29,South,Corporate,Social,60,117900
C02708,2024-04-03,Northeast,Consumer,Email,44,56900
C02709,2023-01-18,South,Corporate,Referral,21,83600
C02710,2024-10-16,West,Consumer,Social,34,93100
C02711,2025-03-20,Northeast,Consumer,Search,46,94000
C02712,2023-02-18,Northeast,Small Business,Social,48,63100
C02713,2025-08-30,South,Small Business,Social,18,81500
C02714,2023-01-25,South,Corporate,Search,34,87900
C02715,2024-03-30,Northeast,Consumer,Referral,37,62300
C02716,2025-11-15,South,Corporate,Referral,49,80200
C02717,2023-01-02,South,Consumer,Search,27,64100
C02718,2024-03-04,West,Consumer,Social,18,32400
C02719,2023-10-07,West,Corporate,Social,51,83500
C02720,2023-04-23,Northeast,Small Business,Social,48,70700
C02721,2025-06-01,Northeast,Corporate,Social,32,137300
C02722,2023-02-26,West,Small Business,Email,38,85500
C02723,2024-05-18,South,Consumer,Referral,21,66500
C02724,2023-11-06,Northeast,Corporate,Search,47,120700
C02725,2025-03-09,Northeast,Small Business,Search,36,116900
C02726,2025-11-06,South,Small Business,Email,33,100700
C02727,2024-04-28,South,Small Business,Email,32,95000
C02728,2025-09-05,Northeast,Consumer,Social,31,51000
C02729,2025-02-18,Midwest,Consumer,Social,26,41900
C02730,2023-03-26,Midwest,Small Business,Search,45,88500
C02731,2024-04-02,West,Small Business,Email,32,126100
C02732,2023-01-22,West,Consumer,Search,18,91000
C02733,2024-11-10,Midwest,Small Business,Search,37,74600
C02734,2025-10-05,Northeast,Consumer,Search,45,52900
C02735,2025-02-17,Northeast,Consumer,Social,29,74800
C02736,2023-03-31,Midwest,Corporate,Email,35,81500
C02737,2025-10-01,West,Corporate,Search,71,98200
C02738,2025-05-20,South,Small Business,Social,18,87500
C02739,2024-09-29,South,Small Business,Email,35,108800
C02740,2025-05-12,West,Consumer,Email,45,41100
C02741,2024-08-23,West,Consumer,Social,26,80100
C02742,2023-09-11,Northeast,Consumer,Referral,54,50900
C02743,2024-09-12,South,Consumer,Social,26,
C02744,2025-06-13,West,Consumer,Referral,24,38000
C02745,2024-03-11,Northeast,Corporate,Search,42,62800
C02746,2024-02-20,Northeast,Consumer,Search,42,110900
C02747,2023-02-17,South,Consumer,Email,55,53100
C02748,2023-06-13,Midwest,Consumer,Social,18,60400
C02749,2025-06-27,Northeast,Small Business,Email,19,101100
C02750,2024-09-27,South,Consumer,Search,46,86300
C02751,2023-10-18,Midwest,Consumer,Email,28,62200
C02752,2023-01-07,West,Corporate,Search,53,114700
C02753,2023-11-06,Midwest,Small Business,Social,35,36200
C02754,2025-08-08,South,Consumer,Search,31,65400
C02755,2023-10-06,Northeast,Small Business,Email,34,73800
C02756,2024-05-21,West,Consumer,Search,26,60500
C02757,2023-07-31,Northeast,Consumer,Search,39,
C02758,2025-11-12,West,Corporate,Email,49,100300
C02759,2023-04-19,South,Corporate,Search,57,145600
C02760,2025-08-08,Northeast,Corporate,Social,32,88400
C02761,2025-02-05,South,Small Business,Social,36,61000
C02762,2025-11-10,Northeast,Corporate,Search,51,64100
C02763,2024-07-12,Northeast,Consumer,Social,51,75900
C02764,2025-02-26,Northeast,Consumer,Search,32,51900
C02765,2024-09-01,Midwest,Consumer,Referral,29,78400
C02766,2024-11-25,South,Consumer,Referral,36,77700
C02767,2023-08-25,Northeast,Consumer,Social,26,52600
C02768,2025-07-19,West,Corporate,Email,40,74300
C02769,2024-08-24,West,Consumer,Referral,63,96800
C02770,2023-04-17,South,Consumer,Email,46,73500
C02771,2025-01-08,West,Corporate,Email,44,87300
C02772,2023-08-04,Midwest,Consumer,Social,18,54900
C02773,2024-02-08,South,Corporate,Search,22,152700
C02774,2023-04-14,South,Corporate,Social,30,89900
C02775,2023-01-27,Northeast,Consumer,Search,77,80400
C02776,2025-10-24,West,Consumer,Social,37,64500
C02777,2023-08-27,West,Consumer,Referral,37,80500
C02778,2024-08-20,Midwest,Corporate,Referral,36,76200
C02779,2024-11-04,South,Small Business,Email,44,119200
C02780,2024-06-21,South,Small Business,Social,30,81300
C02781,2024-05-20,West,Consumer,Social,48,44000
C02782,2025-05-09,West,Small Business,Email,64,94000
C02783,2023-02-27,West,Small Business,Referral,49,81000
C02784,2025-09-05,South,Consumer,Search,25,85800
C02785,2024-07-22,South,Consumer,Email,45,64800
C02786,2024-08-14,West,Small Business,Email,42,126200
C02787,2023-07-08,Midwest,Consumer,Social,50,
C02788,2023-07-12,Northeast,Consumer,Email,48,80700
C02789,2024-02-29,South,Consumer,Email,25,42000
C02790,2025-08-19,Northeast,Small Business,Social,20,110600
C02791,2024-07-13,South,Corporate,Email,44,106800
C02792,2024-08-04,Northeast,Corporate,Email,55,93500
C02793,2025-03-08,Northeast,Corporate,Search,49,92800
C02794,2025-04-15,South,Consumer,Referral,52,50900
C02795,2024-11-22,West,Consumer,Search,39,47500
C02796,2023-12-09,Northeast,Consumer,Search,44,53600
C02797,2024-09-07,Midwest,Consumer,Social,45,43400
C02798,2024-04-20,West,Consumer,Social,37,30800
C02799,2024-03-11,South,Consumer,Social,32,35100
C02800,2024-01-12,Midwest,Corporate,Search,64,118200
C02801,2024-07-25,West,Corporate,Search,45,102500
C02802,2023-03-17,West,Consumer,Search,39,55300
C02803,2023-01-25,West,Consumer,Search,51,88200
C02804,2025-01-01,West,Consumer,Email,46,44700
C02805,2024-11-19,Midwest,Corporate,Email,48,119700
C02806,2024-11-21,South,Consumer,Referral,48,80000
C02807,2023-01-17,South,Small Business,Search,18,55200
C02808,2024-07-09,Midwest,Consumer,Email,30,88900
C02809,2023-02-26,Northeast,Corporate,Search,44,65200
C02810,2024-11-04,West,Corporate,Social,32,66600
C02811,2024-05-13,South,Consumer,Social,28,53000
C02812,2023-03-14,Northeast,Consumer,Email,37,89300
C02813,2025-04-24,West,Consumer,Referral,34,81800
C02814,2025-09-08,Northeast,Consumer,Email,44,65700
C02815,2023-07-30,West,Corporate,Social,40,43500
C02816,2023-07-24,Midwest,Small Business,Search,44,97200
C02817,2023-03-30,West,Corporate,Referral,39,84600
C02818,2024-01-16,South,Corporate,Email,46,123600
C02819,2025-01-03,West,Consumer,Social,48,76600
C02820,2025-08-22,West,Consumer,Search,41,44000
C02821,2023-08-04,Midwest,Corporate,Search,46,112700
C02822,2024-12-22,West,Small Business,Referral,22,110000
C02823,2023-05-23,West,Consumer,Social,37,64500
C02824,2023-01-22,West,Consumer,Social,34,22000
C02825,2023-10-18,West,Corporate,Email,53,109300
C02826,2024-12-16,South,Small Business,Social,42,58500
C02827,2024-11-05,West,Consumer,Email,33,52100
C02828,2024-03-13,Midwest,Corporate,Email,36,76000
C02829,2024-06-10,Northeast,Small Business,Search,41,98400
C02830,2025-09-22,South,Consumer,Email,45,67300
C02831,2024-09-30,Midwest,Consumer,Search,33,52000
C02832,2023-04-18,West,Corporate,Search,45,123900
C02833,2024-02-07,Midwest,Corporate,Social,36,136400
C02834,2024-03-25,West,Consumer,Email,38,26200
C02835,2025-06-27,West,Consumer,Referral,45,67400
C02836,2025-02-08,Northeast,Consumer,Social,48,77100
C02837,2024-01-08,South,Consumer,Email,43,73500
C02838,2025-05-23,Northeast,Consumer,Search,52,37400
C02839,2025-07-28,South,Small Business,Search,18,105400
C02840,2023-07-13,West,Small Business,Search,25,125100
C02841,2024-09-18,Northeast,Small Business,Referral,51,76700
C02842,2024-03-07,South,Corporate,Social,59,68400
C02843,2024-04-10,Midwest,Consumer,Email,51,46000
C02844,2024-11-24,West,Consumer,Search,35,58200
C02845,2023-03-02,Northeast,Consumer,Referral,41,31400
C02846,2025-04-14,South,Consumer,Email,31,38600
C02847,2023-08-05,West,Consumer,Email,37,98800
C02848,2023-07-12,West,Consumer,Search,40,91300
C02849,2025-09-19,Northeast,Small Business,Search,77,108100
C02850,2025-06-01,Northeast,Small Business,Social,45,46300
C02851,2024-04-09,Northeast,Consumer,Search,24,70500
C02852,2024-07-22,South,Consumer,Email,32,43600
C02853,2023-08-03,West,Consumer,Social,45,67200
C02854,2025-01-05,Northeast,Small Business,Social,24,63700
C02855,2024-12-25,South,Consumer,Email,41,47000
C02856,2023-01-26,West,Consumer,Referral,31,85100
C02857,2025-02-20,West,Consumer,Social,18,53000
C02858,2024-08-04,South,Small Business,Search,37,38000
C02859,2025-09-24,South,Corporate,Social,22,91900
C02860,2024-06-27,West,Small Business,Social,39,91800
C02861,2024-03-29,Northeast,Consumer,Email,42,72800
C02862,2025-01-19,South,Consumer,Search,35,121300
C02863,2025-11-07,South,Consumer,Referral,45,22000
C02864,2025-04-14,Midwest,Consumer,Search,44,57300
C02865,2023-05-05,South,Corporate,Referral,52,110200
C02866,2023-03-02,South,Corporate,Search,24,173700
C02867,2024-12-04,West,Consumer,Referral,48,48100
C02868,2023-03-26,South,Small Business,Search,56,103600
C02869,2023-08-14,Midwest,Corporate,Referral,51,82500
C02870,2025-11-05,West,Consumer,Referral,54,102300
C02871,2024-02-08,South,Consumer,Search,35,39100
C02872,2023-08-04,West,Corporate,Social,31,113700
C02873,2024-08-29,Northeast,Consumer,Search,41,76300
C02874,2024-02-04,West,Consumer,Search,36,49600
C02875,2023-03-30,South,Consumer,Referral,47,39700
C02876,2025-09-19,Northeast,Consumer,Referral,40,61200
C02877,2025-02-02,South,Small Business,Social,41,99700
C02878,2023-07-20,West,Small Business,Search,18,121900
C02879,2024-04-23,West,Small Business,Email,42,28600
C02880,2024-01-17,West,Corporate,Search,38,39000
C02881,2024-11-23,South,Small Business,Email,18,105600
C02882,2025-02-14,South,Consumer,Search,55,22000
C02883,2023-06-30,South,Consumer,Search,27,60500
C02884,2023-08-30,Midwest,Consumer,Search,73,48600
C02885,2025-03-17,Northeast,Consumer,Search,29,70700
C02886,2025-04-22,South,Corporate,Referral,18,88300
C02887,2024-01-17,South,Small Business,Email,55,74400
C02888,2025-06-26,Northeast,Consumer,Search,31,63300
C02889,2024-11-03,Northeast,Consumer,Email,73,56800
C02890,2023-01-18,West,Small Business,Social,41,96000
C02891,2024-12-23,West,Small Business,Search,27,98800
C02892,2025-09-26,South,Corporate,Search,37,115600
C02893,2025-02-24,West,Small Business,Search,44,22000
C02894,2023-10-12,Northeast,Consumer,Search,42,29500
C02895,2024-11-07,Midwest,Consumer,Social,33,65900
C02896,2023-07-21,West,Corporate,Search,49,88700
C02897,2023-11-06,Midwest,Consumer,Search,48,108700
C02898,2023-02-27,South,Consumer,Search,29,93100
C02899,2023-01-19,South,Corporate,Search,36,95700
C02900,2025-05-22,South,Consumer,Email,41,50400
C02901,2025-02-09,Midwest,Consumer,Social,42,31000
C02902,2025-09-27,Midwest,Consumer,Email,33,28300
C02903,2024-09-20,Northeast,Consumer,Search,34,
C02904,2024-03-24,South,Corporate,Search,30,53500
C02905,2025-02-05,South,Consumer,Search,47,129100
C02906,2025-03-05,Northeast,Small Business,Search,35,100500
C02907,2024-08-27,Midwest,Consumer,Search,45,28100
C02908,2024-03-08,South,Consumer,Referral,36,66700
C02909,2024-08-17,South,Corporate,Referral,35,102500
C02910,2025-07-03,West,Small Business,Social,59,95900
C02911,2023-08-22,West,Corporate,Social,45,108300
C02912,2023-10-21,West,Consumer,Search,23,44700
C02913,2023-10-22,South,Small Business,Search,45,73800
C02914,2023-01-02,West,Consumer,Social,35,72500
C02915,2025-04-05,Northeast,Consumer,Search,28,78800
C02916,2024-06-01,South,Consumer,Referral,38,40700
C02917,2023-01-31,Midwest,Small Business,Referral,39,72600
C02918,2023-10-30,Northeast,Consumer,Email,33,79900
C02919,2025-01-19,Northeast,Consumer,Referral,18,102000
C02920,2024-03-14,South,Consumer,Referral,33,51800
C02921,2024-04-24,Northeast,Small Business,Referral,35,51900
C02922,2024-01-30,South,Consumer,Search,45,80900
C02923,2024-09-27,South,Consumer,Search,40,57000
C02924,2025-07-05,Midwest,Corporate,Referral,55,49400
C02925,2023-03-30,West,Consumer,Search,18,28200
C02926,2023-04-08,South,Consumer,Referral,42,62300
C02927,2024-07-15,West,Consumer,Social,29,88800
C02928,2023-05-14,Midwest,Corporate,Referral,63,122100
C02929,2025-10-15,West,Consumer,Social,41,70600
C02930,2025-01-18,South,Corporate,Search,37,83300
C02931,2024-10-21,West,Small Business,Email,23,73000
C02932,2024-03-03,West,Consumer,Email,25,43900
C02933,2023-07-07,South,Corporate,Search,40,75600
C02934,2025-11-10,West,Corporate,Search,38,92400
C02935,2023-02-13,Northeast,Consumer,Social,25,22000
C02936,2023-10-09,South,Consumer,Referral,35,38300
C02937,2025-04-27,South,Small Business,Social,36,91900
C02938,2024-04-13,South,Consumer,Search,40,61100
C02939,2025-02-11,Midwest,Small Business,Email,18,37400
C02940,2024-01-30,West,Consumer,Social,57,47400
C02941,2024-09-16,West,Small Business,Search,40,91900
C02942,2024-07-15,Northeast,Corporate,Search,54,152100
C02943,2024-12-04,Midwest,Consumer,Search,44,55400
C02944,2024-08-04,West,Consumer,Social,36,51900
C02945,2024-01-28,South,Consumer,Referral,39,23400
C02946,2025-03-24,West,Consumer,Email,52,36300
C02947,2023-12-09,West,Consumer,Search,63,102800
C02948,2023-06-22,West,Corporate,Search,41,136100
C02949,2025-07-16,South,Consumer,Email,52,22000
C02950,2025-08-13,West,Corporate,Search,43,89900
C02951,2024-12-26,South,Consumer,Search,57,60100
C02952,2023-05-25,South,Consumer,Email,24,55700
C02953,2025-01-09,South,Corporate,Search,42,98900
C02954,2024-11-06,Midwest,Corporate,Email,43,123800
C02955,2023-04-06,Northeast,Consumer,Search,47,22000
C02956,2023-09-30,West,Consumer,Search,43,67500
C02957,2023-12-28,West,Consumer,Referral,51,51400
C02958,2024-09-27,South,Consumer,Referral,37,49200
C02959,2024-07-02,West,Consumer,Social,43,45200
C02960,2024-06-20,West,Consumer,Search,35,60100
C02961,2025-01-27,West,Corporate,Social,41,97500
C02962,2024-07-13,South,Consumer,Search,40,86400
C02963,2024-01-17,South,Small Business,Search,53,105900
C02964,2024-08-09,South,Consumer,Social,30,107700
C02965,2024-08-29,Northeast,Small Business,Search,22,90900
C02966,2025-06-02,Midwest,Consumer,Email,34,60300
C02967,2024-09-30,South,Corporate,Social,66,111400
C02968,2025-01-26,Northeast,Consumer,Search,31,55600
C02969,2024-08-25,Northeast,Consumer,Social,33,79000
C02970,2023-03-08,South,Consumer,Social,31,75300
C02971,2023-01-25,West,Consumer,Email,21,24700
C02972,2025-10-27,Midwest,Corporate,Referral,61,148500
C02973,2023-04-11,Midwest,Small Business,Search,43,117900
C02974,2025-05-27,Northeast,Corporate,Social,36,88200
C02975,2025-06-16,West,Consumer,Search,33,
C02976,2025-07-22,Northeast,Consumer,Referral,50,104600
C02977,2023-01-26,Northeast,Consumer,Referral,39,33200
C02978,2024-03-06,West,Consumer,Social,42,65200
C02979,2025-10-21,West,Consumer,Search,44,91500
C02980,2024-03-04,West,Small Business,Referral,57,32300
C02981,2025-11-10,South,Consumer,Email,19,64900
C02982,2025-07-04,South,Corporate,Search,24,102200
C02983,2024-10-29,Northeast,Corporate,Email,53,126300
C02984,2023-03-03,Northeast,Corporate,Search,36,114700
C02985,2025-08-08,South,Consumer,Search,56,75500
C02986,2024-07-12,South,Corporate,Referral,39,124600
C02987,2023-07-03,Northeast,Consumer,Email,54,72700
C02988,2025-08-25,West,Consumer,Referral,31,104500
C02989,2024-12-28,South,Corporate,Email,47,130100
C02990,2023-07-18,Midwest,Corporate,Search,36,60800
C02991,2024-01-11,West,Consumer,Social,38,43800
C02992,2023-12-18,West,Corporate,Email,30,90100
C02993,2024-11-01,Northeast,Consumer,Email,57,27500
C02994,2023-08-14,South,Consumer,Search,44,96800
C02995,2023-08-25,West,Consumer,Email,36,49600
C02996,2024-01-16,Midwest,Corporate,Search,54,63700
C02997,2025-02-03,West,Consumer,Email,53,73700
C02998,2024-12-09,Midwest,Consumer,Social,31,55700
C02999,2024-09-03,West,Consumer,Social,59,63700
C03000,2024-01-09,Midwest,Corporate,Email,58,83600
C03001,2025-05-04,West,Consumer,Social,38,113800
C03002,2025-08-25,Midwest,Small Business,Social,65,47100
C03003,2024-07-19,Northeast,Consumer,Search,35,33800
C03004,2023-07-30,South,Corporate,Social,50,96000
C03005,2024-10-12,South,Corporate,Referral,57,118300
C03006,2024-02-02,South,Consumer,Referral,39,29700
C03007,2025-01-25,South,Consumer,Search,44,57600
C03008,2023-03-07,Midwest,Consumer,Search,39,66300
C03009,2025-05-20,West,Consumer,Search,59,22000
C03010,2024-04-26,Midwest,Small Business,Search,51,88900
C03011,2023-02-28,Midwest,Consumer,Search,34,83300
C03012,2025-01-22,South,Corporate,Email,58,85800
C03013,2025-04-12,South,Consumer,Search,18,62700
C03014,2025-05-20,Northeast,Consumer,Email,68,84300
C03015,2023-10-20,West,Small Business,Social,32,79900
C03016,2025-04-09,West,Consumer,Referral,36,97400
C03017,2024-09-23,Midwest,Small Business,Social,45,61200
C03018,2024-04-26,West,Small Business,Search,46,102500
C03019,2024-07-05,West,Corporate,Social,44,86300
C03020,2024-06-01,West,Consumer,Email,35,40000
C03021,2024-08-15,Northeast,Consumer,Referral,47,87600
C03022,2023-07-03,Midwest,Consumer,Email,38,75800
C03023,2024-12-16,Northeast,Small Business,Referral,62,77200
C03024,2024-11-30,South,Consumer,Social,59,101700
C03025,2023-12-12,Northeast,Consumer,Referral,24,58700
C03026,2024-11-28,West,Corporate,Search,47,99500
C03027,2024-01-10,West,Consumer,Email,64,90200
C03028,2023-08-24,Northeast,Consumer,Search,30,49700
C03029,2023-07-20,Northeast,Consumer,Email,54,79200
C03030,2023-05-14,South,Small Business,Social,29,122800
C03031,2024-11-04,Northeast,Corporate,Referral,47,128100
C03032,2023-12-08,West,Consumer,Referral,32,
C03033,2023-12-07,West,Consumer,Search,43,122900
C03034,2023-02-11,Midwest,Consumer,Referral,19,41600
C03035,2023-01-23,Midwest,Small Business,Search,49,84900
C03036,2025-05-26,South,Consumer,Referral,42,92000
C03037,2025-10-27,West,Consumer,Search,43,86600
C03038,2025-01-28,South,Corporate,Referral,52,78700
C03039,2023-04-18,South,Small Business,Social,23,116600
C03040,2025-09-05,Northeast,Corporate,Search,49,72500
C03041,2025-08-07,Northeast,Consumer,Search,18,61900
C03042,2024-12-14,Northeast,Consumer,Search,49,33000
C03043,2023-01-31,Northeast,Consumer,Social,35,47200
C03044,2025-08-13,West,Small Business,Social,47,22000
C03045,2024-05-09,South,Consumer,Search,18,60000
C03046,2025-07-26,Northeast,Corporate,Search,44,69300
C03047,2025-02-15,Northeast,Small Business,Referral,34,110900
C03048,2024-07-02,West,Small Business,Referral,38,98300
C03049,2024-01-01,West,Consumer,Search,52,
C03050,2024-07-23,Northeast,Corporate,Social,38,105900
C03051,2024-04-22,Northeast,Consumer,Search,41,50800
C03052,2024-04-07,Northeast,Small Business,Search,43,46100
C03053,2024-11-19,Northeast,Corporate,Search,23,117000
C03054,2025-06-11,Northeast,Small Business,Search,25,46600
C03055,2023-01-26,Midwest,Small Business,Referral,50,36000
C03056,2024-11-14,Northeast,Consumer,Referral,57,73500
C03057,2025-08-18,South,Consumer,Search,50,22000
C03058,2025-11-05,South,Consumer,Search,24,56300
C03059,2023-02-13,West,Consumer,Social,45,51900
C03060,2025-07-12,South,Consumer,Referral,38,70200
C03061,2023-11-05,South,Consumer,Search,53,22000
C03062,2023-10-28,Northeast,Consumer,Search,65,
C03063,2025-06-13,South,Corporate,Search,65,77600
C03064,2024-01-09,West,Consumer,Email,53,
C03065,2025-08-22,West,Small Business,Email,57,68600
C03066,2023-05-26,Midwest,Consumer,Email,27,44600
C03067,2025-06-15,South,Consumer,Search,19,83900
C03068,2024-06-21,South,Consumer,Referral,24,89600
C03069,2023-10-04,Midwest,Consumer,Referral,33,62100
C03070,2024-02-05,West,Corporate,Search,40,111500
C03071,2025-02-05,South,Consumer,Referral,33,61200
C03072,2024-03-30,Northeast,Consumer,Search,25,91200
C03073,2025-07-11,South,Consumer,Referral,47,106300
C03074,2023-02-02,West,Corporate,Social,41,102500
C03075,2024-06-08,West,Corporate,Social,46,123100
C03076,2023-05-23,South,Corporate,Search,51,97300
C03077,2025-11-05,West,Consumer,Search,26,123700
C03078,2024-10-18,Northeast,Corporate,Social,38,79100
C03079,2024-07-11,West,Consumer,Search,51,63400
C03080,2023-01-24,Midwest,Corporate,Search,49,91800
C03081,2025-01-23,West,Corporate,Search,26,92500
C03082,2024-09-29,Midwest,Consumer,Referral,42,48600
C03083,2025-08-16,South,Consumer,Email,53,37200
C03084,2023-02-28,South,Small Business,Social,18,86000
C03085,2025-09-06,West,Consumer,Search,42,75100
C03086,2024-04-20,Midwest,Consumer,Search,39,103900
C03087,2025-04-29,South,Consumer,Search,26,35000
C03088,2024-06-23,West,Consumer,Social,38,86700
C03089,2023-02-04,Midwest,Consumer,Email,34,64200
C03090,2024-06-10,Northeast,Consumer,Search,31,70500
C03091,2025-01-07,West,Consumer,Search,30,
C03092,2024-02-13,West,Consumer,Email,25,74200
C03093,2023-05-16,Midwest,Corporate,Email,44,62200
C03094,2024-12-26,West,Consumer,Social,25,83100
C03095,2024-12-04,South,Corporate,Email,32,116400
C03096,2025-03-03,Northeast,Consumer,Email,49,89900
C03097,2024-03-24,Midwest,Corporate,Referral,31,65500
C03098,2024-11-06,West,Consumer,Email,54,95700
C03099,2023-02-28,Northeast,Consumer,Search,50,22000
C03100,2024-12-24,Midwest,Consumer,Email,40,74700
C03101,2025-05-01,West,Consumer,Email,45,70700
C03102,2025-05-10,South,Corporate,Social,18,130200
C03103,2023-08-18,West,Corporate,Email,57,73000
C03104,2024-08-28,Northeast,Small Business,Search,31,59200
C03105,2025-07-31,West,Small Business,Email,54,73800
C03106,2024-12-10,Midwest,Consumer,Social,41,76400
C03107,2023-08-10,Northeast,Consumer,Social,32,50600
C03108,2025-07-03,South,Consumer,Referral,26,33200
C03109,2023-03-21,South,Small Business,Search,31,68000
C03110,2023-02-15,West,Small Business,Referral,39,146300
C03111,2024-08-07,West,Consumer,Search,49,39100
C03112,2024-10-28,West,Consumer,Search,42,66100
C03113,2023-11-06,West,Corporate,Email,41,147900
C03114,2023-07-06,West,Consumer,Search,30,40600
C03115,2024-06-01,South,Small Business,Search,21,22000
C03116,2024-04-26,South,Consumer,Social,45,64200
C03117,2024-10-16,South,Consumer,Social,41,76200
C03118,2023-07-03,Northeast,Consumer,Social,55,54900
C03119,2023-12-31,West,Consumer,Email,42,59400
C03120,2024-08-07,Midwest,Consumer,Social,41,69600
C03121,2025-05-29,Midwest,Corporate,Referral,49,58700
C03122,2025-01-19,Midwest,Corporate,Search,39,100700
C03123,2025-08-08,Northeast,Corporate,Search,34,
C03124,2023-06-01,South,Consumer,Search,41,69400
C03125,2024-08-06,South,Consumer,Social,46,41700
C03126,2023-12-17,Northeast,Consumer,Referral,53,80600
C03127,2025-09-17,West,Corporate,Search,56,54300
C03128,2024-03-02,South,Corporate,Social,37,69300
C03129,2024-12-29,Midwest,Corporate,Search,44,134700
C03130,2024-12-16,South,Consumer,Search,27,58700
C03131,2023-11-02,South,Consumer,Search,40,56000
C03132,2024-11-13,Midwest,Consumer,Social,46,33000
C03133,2023-09-07,Midwest,Corporate,Email,36,109500
C03134,2024-04-23,Northeast,Consumer,Social,47,74700
C03135,2023-03-22,Northeast,Consumer,Email,56,56300
C03136,2024-04-25,West,Corporate,Search,23,141300
C03137,2024-10-16,Northeast,Consumer,Referral,35,93300
C03138,2025-10-25,South,Corporate,Social,18,81900
C03139,2023-02-22,South,Consumer,Email,28,44300
C03140,2025-08-22,Northeast,Corporate,Search,31,133000
C03141,2023-08-19,West,Consumer,Search,40,44200
C03142,2024-10-09,West,Consumer,Social,33,87700
C03143,2023-04-23,South,Consumer,Email,31,57600
C03144,2023-10-26,West,Consumer,Referral,18,
C03145,2024-12-19,Northeast,Corporate,Email,38,69200
C03146,2024-05-23,West,Consumer,Search,51,50900
C03147,2024-03-24,Northeast,Small Business,Search,32,68500
C03148,2024-09-21,South,Corporate,Search,35,94000
C03149,2023-08-24,South,Consumer,Email,59,74800
C03150,2023-06-19,Northeast,Consumer,Search,38,97400
C03151,2025-06-04,Northeast,Consumer,Email,40,57300
C03152,2023-06-18,Northeast,Consumer,Search,23,87800
C03153,2025-11-13,South,Corporate,Social,43,113500
C03154,2023-12-29,South,Corporate,Search,43,123000
C03155,2024-01-08,West,Small Business,Email,44,66000
C03156,2025-06-23,West,Corporate,Referral,42,138500
C03157,2023-07-28,West,Consumer,Search,46,79400
C03158,2024-11-25,West,Consumer,Social,42,42800
C03159,2025-08-15,West,Corporate,Referral,50,118900
C03160,2025-03-21,South,Corporate,Email,38,104700
C03161,2024-08-31,South,Consumer,Email,46,31200
C03162,2023-03-29,West,Small Business,Referral,42,49000
C03163,2025-06-22,South,Small Business,Search,65,96100
C03164,2024-06-18,South,Consumer,Search,49,59600
C03165,2024-03-18,Northeast,Consumer,Email,42,73300
C03166,2024-11-26,Midwest,Consumer,Email,58,37800
C03167,2025-01-07,South,Small Business,Referral,65,84900
C03168,2023-09-12,South,Consumer,Social,27,81200
C03169,2023-09-02,South,Corporate,Social,58,128100
C03170,2024-06-21,West,Corporate,Search,30,91900
C03171,2023-02-12,South,Consumer,Social,30,34900
C03172,2024-03-08,South,Corporate,Social,38,97600
C03173,2024-12-11,South,Consumer,Search,27,33600
C03174,2023-10-07,West,Consumer,Social,39,60200
C03175,2025-07-01,West,Consumer,Search,30,22000
C03176,2024-05-09,Midwest,Consumer,Social,47,28200
C03177,2024-06-12,Midwest,Consumer,Social,30,23300
C03178,2024-04-26,West,Corporate,Email,41,70300
C03179,2024-09-09,South,Consumer,Referral,51,65100
C03180,2023-09-25,Northeast,Small Business,Search,38,70700
C03181,2024-06-04,Midwest,Corporate,Search,18,101500
C03182,2024-06-21,Northeast,Small Business,Search,50,83700
C03183,2024-02-15,Northeast,Consumer,Social,54,78500
C03184,2025-04-02,South,Consumer,Search,45,85600
C03185,2025-01-02,South,Consumer,Search,37,82300
C03186,2023-11-27,Northeast,Corporate,Search,48,115800
C03187,2025-07-30,Northeast,Consumer,Search,55,34500
C03188,2024-09-11,West,Consumer,Search,18,
C03189,2024-04-13,Midwest,Corporate,Social,52,92200
C03190,2024-08-23,Midwest,Corporate,Email,18,108900
C03191,2023-08-02,West,Small Business,Social,40,66700
C03192,2025-07-27,South,Small Business,Social,55,102700
C03193,2025-10-04,South,Consumer,Search,55,35400
C03194,2024-02-07,South,Consumer,Referral,48,107800
C03195,2025-01-15,Midwest,Consumer,Email,51,91500
C03196,2023-08-04,Northeast,Consumer,Email,59,81000
C03197,2024-06-14,West,Corporate,Social,23,58000
C03198,2025-03-12,West,Consumer,Search,30,68900
C03199,2024-02-10,West,Consumer,Social,35,90600
C03200,2023-07-10,West,Corporate,Social,18,104300
C03201,2024-03-14,Midwest,Consumer,Social,26,52000
C03202,2023-02-16,South,Consumer,Search,46,59500
C03203,2024-01-02,Midwest,Corporate,Referral,60,106400
C03204,2025-05-02,South,Consumer,Search,39,22000
C03205,2024-05-11,Midwest,Small Business,Search,33,93600
C03206,2024-01-24,Northeast,Consumer,Search,43,70600
C03207,2025-08-17,South,Small Business,Search,35,108600
C03208,2023-10-17,Midwest,Consumer,Social,39,86600
C03209,2024-02-11,Northeast,Corporate,Search,18,65400
C03210,2025-02-12,South,Consumer,Search,36,39500
C03211,2024-05-30,South,Corporate,Search,46,96300
C03212,2023-02-01,Northeast,Consumer,Social,26,69800
C03213,2024-05-01,South,Consumer,Search,51,
C03214,2023-10-18,South,Consumer,Email,59,71400
C03215,2025-10-19,Midwest,Corporate,Email,37,127600
C03216,2025-10-07,West,Corporate,Referral,38,107700
C03217,2024-11-01,South,Consumer,Search,40,26200
C03218,2025-02-24,South,Corporate,Email,23,106200
C03219,2024-06-27,West,Corporate,Social,39,116600
C03220,2025-01-07,South,Consumer,Social,54,97400
C03221,2024-04-22,West,Consumer,Search,34,28100
C03222,2024-03-15,West,Corporate,Search,29,97200
C03223,2025-05-29,West,Consumer,Social,55,104400
C03224,2024-02-14,South,Consumer,Search,45,66000
C03225,2025-02-02,South,Small Business,Search,18,43600
C03226,2025-05-08,South,Small Business,Referral,42,59900
C03227,2024-03-19,West,Consumer,Email,49,102600
C03228,2024-06-19,West,Consumer,Referral,56,59600
C03229,2025-08-01,West,Consumer,Referral,27,57000
C03230,2023-02-08,Northeast,Consumer,Referral,67,29400
C03231,2023-11-18,West,Corporate,Search,18,87500
C03232,2024-09-19,Midwest,Small Business,Email,27,95000
C03233,2024-02-10,Midwest,Corporate,Email,45,78100
C03234,2024-08-02,South,Consumer,Email,56,74600
C03235,2023-10-24,West,Corporate,Social,18,123400
C03236,2025-08-09,Northeast,Consumer,Referral,33,60000
C03237,2024-02-17,West,Corporate,Referral,58,93100
C03238,2025-03-03,West,Corporate,Social,37,86200
C03239,2025-01-14,South,Consumer,Social,41,57000
C03240,2024-01-10,South,Consumer,Email,49,71100
C03241,2025-10-29,West,Consumer,Referral,55,37400
C03242,2024-11-19,West,Small Business,Referral,31,101500
C03243,2023-10-30,South,Small Business,Search,54,
C03244,2024-01-10,Midwest,Small Business,Social,42,22000
C03245,2024-03-17,West,Small Business,Social,30,119400
C03246,2024-04-28,West,Consumer,Search,21,40100
C03247,2024-05-05,South,Consumer,Search,28,52200
C03248,2023-11-25,Northeast,Corporate,Email,43,100300
C03249,2023-02-06,South,Consumer,Email,30,85100
C03250,2025-10-15,Midwest,Consumer,Email,27,22000
C03251,2023-12-28,Northeast,Consumer,Search,43,56800
C03252,2025-08-04,Northeast,Consumer,Referral,23,50100
C03253,2023-06-02,South,Small Business,Referral,40,74100
C03254,2023-01-07,South,Small Business,Search,41,52900
C03255,2023-08-25,South,Consumer,Search,32,28700
C03256,2024-04-24,West,Consumer,Social,52,
C03257,2025-04-07,West,Consumer,Search,32,34300
C03258,2023-12-09,Northeast,Consumer,Social,22,94700
C03259,2023-08-23,South,Consumer,Referral,47,29900
C03260,2023-01-21,West,Consumer,Social,33,78600
C03261,2023-10-19,West,Consumer,Social,51,86800
C03262,2025-01-19,South,Consumer,Social,38,99200
C03263,2024-07-14,Northeast,Small Business,Social,35,
C03264,2025-07-31,Northeast,Consumer,Referral,42,73700
C03265,2025-06-25,South,Small Business,Social,29,108700
C03266,2023-08-13,Northeast,Consumer,Search,42,59000
C03267,2023-10-30,South,Corporate,Search,51,106400
C03268,2025-05-02,South,Corporate,Social,38,97100
C03269,2025-11-09,West,Small Business,Email,47,49700
C03270,2025-01-08,South,Consumer,Search,43,102800
C03271,2023-04-24,South,Small Business,Search,18,51200
C03272,2025-09-22,Midwest,Consumer,Email,44,62800
C03273,2025-10-03,West,Consumer,Search,32,55700
C03274,2023-09-29,West,Corporate,Social,36,89400
C03275,2025-03-26,Midwest,Consumer,Referral,69,92800
C03276,2024-06-07,Midwest,Small Business,Email,48,31500
C03277,2025-08-28,Midwest,Small Business,Social,34,26800
C03278,2023-01-23,West,Corporate,Social,32,125400
C03279,2024-10-31,West,Consumer,Search,34,54400
C03280,2024-07-06,Northeast,Corporate,Email,33,119000
C03281,2024-10-12,South,Consumer,Referral,62,43700
C03282,2024-06-20,South,Small Business,Search,37,79200
C03283,2024-11-07,South,Small Business,Social,40,90000
C03284,2023-08-19,West,Consumer,Social,72,48900
C03285,2023-08-03,West,Consumer,Social,35,98900
C03286,2024-09-14,South,Consumer,Search,32,67600
C03287,2023-06-25,South,Consumer,Search,18,41500
C03288,2025-07-03,South,Corporate,Social,40,83300
C03289,2023-03-11,West,Small Business,Email,18,61100
C03290,2024-08-03,Midwest,Corporate,Email,32,119700
C03291,2025-10-22,West,Corporate,Search,58,96200
C03292,2023-06-16,West,Consumer,Search,24,80900
C03293,2024-09-02,Northeast,Small Business,Search,56,67000
C03294,2025-10-24,West,Corporate,Social,36,113500
C03295,2023-02-01,South,Consumer,Email,30,54400
C03296,2024-08-13,Northeast,Corporate,Referral,36,68600
C03297,2023-04-01,Northeast,Consumer,Email,48,24100
C03298,2024-03-07,Northeast,Consumer,Search,34,23100
C03299,2025-09-28,Midwest,Corporate,Social,25,63300
C03300,2025-10-20,Midwest,Corporate,Search,18,125800
C03301,2024-09-13,West,Consumer,Search,24,62200
C03302,2025-09-24,South,Consumer,Email,40,54000
C03303,2024-01-12,Northeast,Consumer,Email,35,59200
C03304,2025-06-27,South,Corporate,Social,45,107600
C03305,2025-11-08,South,Consumer,Referral,29,80900
C03306,2023-10-31,West,Consumer,Social,44,64700
C03307,2024-02-14,West,Consumer,Social,53,80300
C03308,2024-07-24,Northeast,Consumer,Referral,34,29200
C03309,2025-04-18,Midwest,Consumer,Referral,62,24300
C03310,2025-07-01,South,Consumer,Referral,39,79200
C03311,2023-05-29,South,Consumer,Social,21,83400
C03312,2024-01-29,Midwest,Small Business,Referral,51,36100
C03313,2024-11-02,Midwest,Consumer,Referral,57,69800
C03314,2023-04-20,South,Small Business,Referral,58,101500
C03315,2025-05-18,Midwest,Consumer,Email,36,26800
C03316,2023-01-15,Northeast,Corporate,Search,51,95600
C03317,2023-03-29,South,Consumer,Search,39,22000
C03318,2025-07-24,West,Consumer,Search,35,22000
C03319,2025-06-15,Midwest,Consumer,Search,34,53200
C03320,2025-10-29,Northeast,Consumer,Email,38,80700
C03321,2024-06-08,South,Corporate,Email,34,139100
C03322,2025-06-04,West,Consumer,Referral,33,106900
C03323,2023-07-18,Midwest,Consumer,Search,39,53800
C03324,2023-07-11,West,Consumer,Referral,34,54700
C03325,2023-01-18,Northeast,Corporate,Search,21,98100
C03326,2025-10-14,West,Consumer,Search,44,44900
C03327,2024-11-10,South,Consumer,Referral,41,57200
C03328,2023-06-09,Midwest,Consumer,Search,18,41300
C03329,2025-05-02,Northeast,Corporate,Referral,68,82800
C03330,2025-02-03,West,Corporate,Email,24,141200
C03331,2023-01-09,Northeast,Corporate,Social,46,105700
C03332,2023-06-25,South,Consumer,Referral,43,68300
C03333,2023-10-16,Northeast,Consumer,Search,49,52100
C03334,2024-12-18,West,Consumer,Search,38,131200
C03335,2023-04-13,Midwest,Corporate,Social,51,92900
C03336,2024-06-09,Northeast,Small Business,Email,33,60600
C03337,2025-04-02,South,Consumer,Social,59,76700
C03338,2023-07-25,West,Consumer,Social,37,43700
C03339,2023-08-06,South,Corporate,Email,31,64100
C03340,2024-03-05,Northeast,Consumer,Social,51,182600
C03341,2023-05-18,West,Consumer,Referral,45,95700
C03342,2025-06-30,Northeast,Consumer,Referral,56,48300
C03343,2024-07-05,Northeast,Corporate,Referral,23,69600
C03344,2025-01-13,Northeast,Consumer,Social,19,48400
C03345,2025-06-19,South,Corporate,Search,27,
C03346,2024-12-21,Northeast,Consumer,Social,31,22000
C03347,2024-04-07,West,Consumer,Referral,18,44100
C03348,2025-10-19,West,Consumer,Referral,49,112700
C03349,2023-01-02,Northeast,Small Business,Social,44,86000
C03350,2023-03-09,Northeast,Small Business,Search,42,77400
C03351,2025-07-01,Northeast,Consumer,Referral,36,66200
C03352,2025-02-02,West,Corporate,Email,60,110700
C03353,2023-02-15,Northeast,Corporate,Search,48,64700
C03354,2023-09-17,South,Consumer,Referral,47,61300
C03355,2023-01-08,Northeast,Consumer,Email,52,73200
C03356,2023-06-29,West,Consumer,Search,49,97800
C03357,2023-02-27,Midwest,Consumer,Email,30,79900
C03358,2025-03-25,Midwest,Consumer,Search,34,74400
C03359,2023-05-12,South,Corporate,Referral,46,93000
C03360,2023-11-16,West,Corporate,Referral,45,121300
C03361,2023-11-23,West,Consumer,Search,23,59500
C03362,2025-09-28,South,Consumer,Social,27,49200
C03363,2023-12-04,West,Consumer,Social,45,70100
C03364,2024-05-30,South,Consumer,Email,40,60700
C03365,2025-07-25,West,Corporate,Social,37,65900
C03366,2024-07-26,West,Consumer,Search,40,22000
C03367,2024-01-04,Midwest,Consumer,Search,18,114000
C03368,2025-05-14,West,Consumer,Social,18,22000
C03369,2023-02-13,South,Corporate,Email,34,64900
C03370,2023-05-17,Midwest,Corporate,Social,44,115700
C03371,2025-09-16,South,Consumer,Email,38,74600
C03372,2025-06-03,Midwest,Consumer,Social,19,22000
C03373,2023-10-20,South,Consumer,Email,26,67600
C03374,2025-05-27,West,Small Business,Search,44,31100
C03375,2023-08-26,South,Consumer,Email,31,90900
C03376,2024-04-20,Northeast,Consumer,Search,37,59600
C03377,2024-08-02,Northeast,Small Business,Search,59,47600
C03378,2024-02-20,West,Consumer,Referral,27,45100
C03379,2023-07-02,South,Small Business,Social,26,54000
C03380,2023-04-28,West,Consumer,Email,36,71200
C03381,2025-09-14,West,Consumer,Search,48,77100
C03382,2025-02-06,West,Small Business,Social,46,98800
C03383,2023-07-14,Midwest,Consumer,Search,37,
C03384,2024-10-02,West,Small Business,Search,23,58100
C03385,2024-11-30,Northeast,Small Business,Social,25,42500
C03386,2024-06-27,Northeast,Small Business,Search,42,67600
C03387,2023-08-18,Midwest,Consumer,Social,34,63500
C03388,2023-02-07,Midwest,Small Business,Referral,34,67600
C03389,2024-03-31,West,Corporate,Social,34,79900
C03390,2024-04-07,West,Corporate,Referral,38,139100
C03391,2023-04-16,Midwest,Consumer,Search,44,37500
C03392,2025-02-12,South,Small Business,Social,29,74200
C03393,2024-01-22,Midwest,Corporate,Social,31,73900
C03394,2023-03-22,Midwest,Consumer,Referral,37,119400
C03395,2025-08-05,West,Consumer,Email,34,115200
C03396,2024-01-29,Midwest,Consumer,Search,26,69500
C03397,2023-03-05,West,Corporate,Email,54,109700
C03398,2024-10-21,Midwest,Corporate,Email,29,124400
C03399,2024-07-19,West,Consumer,Search,52,55100
C03400,2024-02-07,South,Corporate,Search,36,67600
C03401,2024-06-03,West,Consumer,Social,50,44200
C03402,2025-09-18,South,Consumer,Social,28,110300
C03403,2025-09-30,West,Consumer,Social,27,77200
C03404,2024-03-12,Northeast,Small Business,Email,42,155700
C03405,2025-06-20,Northeast,Consumer,Search,26,88700
C03406,2024-07-22,West,Small Business,Search,29,125700
C03407,2024-08-25,South,Consumer,Search,41,22000
C03408,2024-10-07,West,Consumer,Search,39,75100
C03409,2024-06-25,West,Consumer,Social,33,61800
C03410,2024-08-26,West,Corporate,Email,58,115300
C03411,2025-06-20,West,Consumer,Social,28,76300
C03412,2025-03-23,West,Consumer,Email,55,51800
C03413,2024-11-15,West,Consumer,Search,59,50600
C03414,2025-10-06,South,Corporate,Email,57,80200
C03415,2023-06-22,Northeast,Consumer,Search,29,104200
C03416,2025-01-27,West,Corporate,Email,19,113300
C03417,2024-01-08,South,Consumer,Search,35,60500
C03418,2023-04-26,West,Consumer,Referral,47,82300
C03419,2023-09-21,Northeast,Corporate,Search,50,108400
C03420,2024-06-22,Northeast,Corporate,Social,52,110800
C03421,2023-06-14,West,Consumer,Email,44,58800
C03422,2025-10-07,West,Small Business,Referral,44,
C03423,2023-04-09,West,Corporate,Social,44,142500
C03424,2023-09-12,Northeast,Small Business,Email,31,69300
C03425,2023-10-28,Northeast,Small Business,Social,37,65600
C03426,2023-11-04,South,Consumer,Referral,48,73900
C03427,2025-08-04,West,Consumer,Social,34,53100
C03428,2024-08-27,Midwest,Consumer,Search,39,47200
C03429,2023-06-19,South,Consumer,Social,43,47100
C03430,2024-05-20,South,Small Business,Email,72,100400
C03431,2024-05-06,West,Corporate,Social,18,84500
C03432,2023-11-18,South,Consumer,Email,69,75000
C03433,2025-07-20,West,Consumer,Social,48,95900
C03434,2023-07-27,West,Corporate,Referral,52,177900
C03435,2023-09-13,West,Consumer,Search,35,74400
C03436,2024-07-12,Midwest,Corporate,Search,41,92900
C03437,2025-03-08,South,Consumer,Social,35,79700
C03438,2025-01-14,Northeast,Consumer,Social,33,70100
C03439,2025-04-04,Midwest,Corporate,Email,27,76300
C03440,2023-10-19,Northeast,Consumer,Search,44,43700
C03441,2023-03-05,West,Small Business,Search,19,100000
C03442,2025-03-19,West,Corporate,Social,29,114900
C03443,2024-05-02,Northeast,Corporate,Social,36,93300
C03444,2024-10-23,West,Corporate,Search,22,96900
C03445,2024-11-11,Midwest,Small Business,Email,41,102500
C03446,2023-10-23,West,Small Business,Email,62,124000
C03447,2024-08-13,South,Consumer,Email,63,36000
C03448,2025-02-01,West,Corporate,Search,55,108600
C03449,2023-04-26,South,Consumer,Search,41,61400
C03450,2023-07-12,West,Small Business,Referral,38,73500
C03451,2023-06-30,West,Small Business,Email,21,86000
C03452,2023-06-27,West,Small Business,Social,33,39800
C03453,2024-05-31,South,Consumer,Search,43,55400
C03454,2023-10-31,South,Consumer,Referral,42,70700
C03455,2024-06-29,South,Consumer,Social,18,52200
C03456,2024-12-31,Midwest,Corporate,Social,19,57700
C03457,2025-07-15,Midwest,Small Business,Search,44,60000
C03458,2025-11-14,South,Consumer,Email,53,68400
C03459,2024-10-03,South,Small Business,Email,21,121300
C03460,2023-07-09,South,Consumer,Email,28,23600
C03461,2023-12-27,Northeast,Corporate,Social,46,100600
C03462,2023-04-21,South,Corporate,Social,41,94100
C03463,2023-12-22,Midwest,Small Business,Social,41,63600
C03464,2023-11-08,South,Consumer,Search,45,53900
C03465,2025-10-23,South,Consumer,Search,35,100300
C03466,2023-06-06,West,Small Business,Referral,38,75900
C03467,2024-04-11,West,Small Business,Search,62,129900
C03468,2024-03-17,West,Corporate,Referral,50,105800
C03469,2023-05-19,Northeast,Consumer,Search,49,22100
C03470,2023-01-17,Midwest,Consumer,Search,28,25200
C03471,2025-10-17,South,Consumer,Search,45,30200
C03472,2024-09-24,West,Corporate,Social,55,104600
C03473,2023-01-12,South,Corporate,Referral,40,146500
C03474,2025-02-05,West,Corporate,Social,39,156600
C03475,2023-04-19,West,Corporate,Search,26,109100
C03476,2024-12-14,Midwest,Small Business,Search,49,115000
C03477,2023-08-11,West,Corporate,Search,42,104900
C03478,2024-11-30,Northeast,Small Business,Search,19,93800
C03479,2024-07-02,South,Corporate,Email,32,85900
C03480,2025-06-29,Midwest,Consumer,Search,35,33200
C03481,2025-09-21,South,Consumer,Referral,43,49600
C03482,2024-09-20,West,Consumer,Search,38,111500
C03483,2024-12-27,Northeast,Consumer,Email,32,90400
C03484,2024-02-23,West,Consumer,Email,27,82200
C03485,2025-10-19,West,Consumer,Referral,27,68300
C03486,2023-12-08,West,Consumer,Search,61,87100
C03487,2024-12-19,Northeast,Consumer,Social,42,62800
C03488,2023-02-18,South,Small Business,Social,57,105400
C03489,2024-05-29,Midwest,Consumer,Search,54,43000
C03490,2025-04-13,West,Consumer,Search,51,
C03491,2024-04-29,South,Corporate,Search,44,123600
C03492,2024-09-23,Northeast,Consumer,Search,18,83700
C03493,2024-06-28,Midwest,Small Business,Search,42,129300
C03494,2025-09-27,West,Corporate,Email,40,90600
C03495,2025-02-17,Midwest,Consumer,Search,26,
C03496,2024-10-31,West,Consumer,Search,45,102000
C03497,2024-07-20,Northeast,Consumer,Referral,51,65600
C03498,2025-03-12,South,Consumer,Referral,27,
C03499,2025-05-31,South,Corporate,Social,18,78800
C03500,2023-05-28,South,Corporate,Social,30,104900
C03501,2024-02-16,West,Consumer,Search,28,93800
C03502,2023-04-04,Midwest,Consumer,Referral,28,27400
C03503,2023-05-19,West,Corporate,Email,43,
C03504,2025-05-21,South,Consumer,Search,33,58800
C03505,2025-01-12,Northeast,Consumer,Search,40,36700
C03506,2024-03-02,South,Consumer,Social,43,41500
C03507,2023-01-29,Northeast,Corporate,Referral,61,123200
C03508,2023-09-22,South,Consumer,Referral,18,46200
C03509,2024-02-11,Midwest,Small Business,Social,33,95600
C03510,2024-07-28,West,Consumer,Social,33,22000
C03511,2024-09-02,West,Consumer,Social,44,93200
C03512,2025-10-13,Midwest,Consumer,Search,23,41900
C03513,2025-08-03,West,Consumer,Referral,53,62000
C03514,2025-08-25,Northeast,Consumer,Search,45,40800
C03515,2023-06-18,Midwest,Corporate,Referral,37,61700
C03516,2024-03-21,Midwest,Corporate,Search,18,91400
C03517,2024-02-27,South,Small Business,Email,49,62400
C03518,2025-08-29,Northeast,Consumer,Search,39,23500
C03519,2025-04-01,South,Consumer,Search,32,61200
C03520,2023-12-07,Midwest,Consumer,Email,31,58900
C03521,2025-10-03,South,Consumer,Email,33,45000
C03522,2024-05-21,South,Consumer,Email,45,
C03523,2023-01-28,South,Consumer,Social,43,73000
C03524,2024-09-02,West,Consumer,Referral,37,66200
C03525,2024-01-20,Midwest,Corporate,Search,44,102900
C03526,2025-09-04,South,Consumer,Referral,20,53500
C03527,2024-11-19,Midwest,Consumer,Referral,54,41400
C03528,2023-07-20,Midwest,Small Business,Referral,18,109100
C03529,2024-01-17,West,Consumer,Search,23,41700
C03530,2025-01-11,South,Small Business,Social,33,72800
C03531,2023-12-31,Northeast,Consumer,Search,42,35000
C03532,2024-08-29,West,Consumer,Social,58,30000
C03533,2023-08-24,West,Consumer,Email,34,59000
C03534,2024-06-22,South,Corporate,Search,46,
C03535,2023-06-15,West,Small Business,Search,40,83900
C03536,2023-10-20,South,Consumer,Search,38,62000
C03537,2023-01-08,West,Consumer,Search,40,74000
C03538,2025-09-27,West,Small Business,Social,60,51500
C03539,2024-10-22,Northeast,Consumer,Social,40,48000
C03540,2023-01-02,South,Consumer,Referral,36,51800
C03541,2025-11-02,South,Consumer,Email,44,78100
C03542,2025-04-27,Northeast,Consumer,Search,23,69200
C03543,2024-11-27,Northeast,Consumer,Search,53,85700
C03544,2024-03-24,Northeast,Consumer,Social,43,24300
C03545,2023-01-18,Midwest,Corporate,Search,40,135100
C03546,2024-03-17,Northeast,Consumer,Search,33,82200
C03547,2024-08-18,West,Consumer,Search,50,80500
C03548,2023-11-07,West,Corporate,Search,47,108500
C03549,2025-06-04,West,Corporate,Search,62,85900
C03550,2025-08-03,Northeast,Small Business,Search,35,109400
C03551,2025-08-02,South,Consumer,Email,55,44400
C03552,2024-10-28,West,Small Business,Email,21,22000
C03553,2024-11-14,South,Corporate,Search,47,95700
C03554,2023-03-15,Midwest,Corporate,Search,31,83700
C03555,2023-01-19,West,Corporate,Search,42,87900
C03556,2023-07-20,Northeast,Consumer,Search,44,49400
C03557,2023-12-14,Midwest,Consumer,Referral,47,42500
C03558,2024-02-25,Midwest,Consumer,Referral,43,41300
C03559,2024-04-20,West,Consumer,Search,35,112700
C03560,2024-02-19,South,Consumer,Referral,22,78300
C03561,2023-09-27,South,Consumer,Referral,32,71000
C03562,2024-01-01,South,Consumer,Social,29,65600
C03563,2024-07-09,Midwest,Corporate,Email,40,133400
C03564,2024-04-14,South,Small Business,Referral,47,62500
C03565,2024-08-26,Northeast,Small Business,Search,25,83300
C03566,2025-05-13,South,Consumer,Social,62,49900
C03567,2025-05-21,South,Small Business,Email,44,87700
C03568,2023-12-26,West,Small Business,Social,33,59500
C03569,2023-10-23,Northeast,Consumer,Email,35,77600
C03570,2025-02-03,Midwest,Consumer,Social,39,28200
C03571,2024-04-09,West,Small Business,Social,18,64000
C03572,2025-08-16,South,Consumer,Email,48,53500
C03573,2024-09-09,South,Consumer,Referral,33,66900
C03574,2025-04-01,Northeast,Consumer,Search,48,57800
C03575,2023-04-01,West,Corporate,Search,38,117400
C03576,2023-08-23,West,Corporate,Referral,46,81500
C03577,2024-01-13,Northeast,Small Business,Search,55,93400
C03578,2023-03-12,South,Small Business,Search,34,82500
C03579,2024-07-24,West,Consumer,Search,60,40200
C03580,2025-07-25,Northeast,Consumer,Social,42,76100
C03581,2024-10-20,South,Corporate,Social,29,132400
C03582,2023-01-12,West,Corporate,Referral,45,119100
C03583,2023-01-15,West,Corporate,Search,45,84200
C03584,2023-06-23,West,Consumer,Social,45,91400
C03585,2024-04-15,Northeast,Consumer,Search,49,77800
C03586,2025-03-17,West,Corporate,Social,58,111900
C03587,2023-10-31,Midwest,Consumer,Search,44,74000
C03588,2025-05-17,West,Consumer,Email,34,67300
C03589,2024-10-15,West,Corporate,Referral,56,107600
C03590,2023-07-02,Northeast,Consumer,Search,74,57900
C03591,2025-07-29,West,Corporate,Search,32,76100
C03592,2023-10-07,Midwest,Consumer,Social,42,67100
C03593,2023-02-10,Northeast,Consumer,Email,41,94500
C03594,2025-03-10,West,Consumer,Email,36,34100
C03595,2024-09-07,South,Consumer,Email,43,42800
C03596,2023-11-02,West,Consumer,Search,18,22000
C03597,2024-11-24,Northeast,Corporate,Search,43,60000
C03598,2024-06-16,Northeast,Corporate,Social,31,129200
C03599,2025-05-11,West,Corporate,Social,42,99800
C03600,2024-06-06,Northeast,Consumer,Email,33,85600
C03601,2024-03-16,Northeast,Corporate,Search,35,101300
C03602,2023-11-05,Midwest,Corporate,Social,27,157600
C03603,2023-05-27,Midwest,Consumer,Search,38,59300
C03604,2023-11-09,West,Consumer,Email,45,50000
C03605,2024-07-13,Midwest,Corporate,Social,34,91400
C03606,2023-10-05,Northeast,Small Business,Social,29,89500
C03607,2024-08-06,Northeast,Small Business,Email,29,49700
C03608,2025-08-16,Midwest,Consumer,Search,25,34200
C03609,2023-01-09,West,Consumer,Search,47,80800
C03610,2024-07-15,South,Small Business,Search,52,94700
C03611,2024-01-14,West,Small Business,Search,36,83700
C03612,2025-08-23,West,Consumer,Referral,37,81000
C03613,2024-01-05,West,Consumer,Email,43,46200
C03614,2025-10-19,West,Consumer,Referral,49,
C03615,2025-11-06,South,Consumer,Referral,29,28100
C03616,2023-07-05,West,Consumer,Referral,34,30200
C03617,2025-02-21,South,Small Business,Search,28,119200
C03618,2025-11-02,Northeast,Consumer,Email,38,47100
C03619,2025-05-27,South,Consumer,Search,57,51200
C03620,2023-08-14,South,Consumer,Search,51,89200
C03621,2023-08-16,Midwest,Consumer,Search,39,86500
C03622,2024-06-27,South,Small Business,Search,50,47300
C03623,2023-05-24,West,Consumer,Social,31,50500
C03624,2024-02-26,West,Consumer,Search,52,44900
C03625,2024-07-28,West,Small Business,Email,35,95100
C03626,2025-01-27,West,Corporate,Search,18,71500
C03627,2024-01-14,Midwest,Corporate,Email,49,102200
C03628,2024-05-18,West,Consumer,Social,40,87200
C03629,2025-10-02,Northeast,Consumer,Referral,40,106200
C03630,2023-01-10,West,Consumer,Search,51,66700
C03631,2024-12-28,Northeast,Consumer,Email,42,82700
C03632,2023-11-07,South,Corporate,Social,37,91200
C03633,2025-05-14,Northeast,Consumer,Social,41,66600
C03634,2024-03-11,West,Small Business,Search,54,60100
C03635,2024-07-18,West,Corporate,Referral,37,99300
C03636,2025-04-17,West,Consumer,Social,27,57200
C03637,2025-09-04,West,Consumer,Search,22,42200
C03638,2024-06-02,Northeast,Consumer,Social,37,70700
C03639,2023-06-29,West,Consumer,Social,18,70100
C03640,2024-10-24,West,Small Business,Email,18,106000
C03641,2023-03-03,South,Consumer,Social,38,87000
C03642,2023-07-31,Northeast,Consumer,Email,37,60900
C03643,2025-09-04,Midwest,Consumer,Referral,39,38000
C03644,2025-08-16,South,Consumer,Email,30,77300
C03645,2025-07-11,Northeast,Small Business,Search,36,45400
C03646,2024-04-25,West,Corporate,Social,18,90000
C03647,2024-09-10,West,Consumer,Referral,49,22000
C03648,2023-01-14,South,Corporate,Referral,49,82500
C03649,2024-04-22,West,Small Business,Social,59,114000
C03650,2023-12-28,South,Consumer,Email,59,37900
C03651,2025-04-11,West,Small Business,Referral,35,90600
C03652,2024-03-07,South,Consumer,Email,69,43300
C03653,2025-06-16,South,Consumer,Social,47,22000
C03654,2023-06-08,Midwest,Consumer,Search,73,61900
C03655,2025-01-23,West,Corporate,Email,44,113600
C03656,2025-10-18,West,Consumer,Referral,54,123400
C03657,2024-10-28,West,Small Business,Referral,38,102800
C03658,2025-01-14,West,Small Business,Search,45,74800
C03659,2023-12-18,South,Consumer,Email,25,74900
C03660,2023-08-11,South,Corporate,Referral,23,59000
C03661,2023-08-14,South,Consumer,Social,30,48500
C03662,2025-01-29,South,Small Business,Search,24,111300
C03663,2025-08-01,Northeast,Corporate,Referral,32,103200
C03664,2024-01-21,South,Consumer,Search,27,66000
C03665,2024-03-09,Northeast,Corporate,Social,49,127000
C03666,2023-03-01,Northeast,Consumer,Social,46,57200
C03667,2024-09-11,West,Consumer,Referral,50,58600
C03668,2024-02-03,Midwest,Corporate,Social,38,120800
C03669,2024-11-19,South,Corporate,Search,40,97500
C03670,2023-06-25,West,Corporate,Social,24,91500
C03671,2024-03-17,Northeast,Consumer,Email,32,109400
C03672,2023-04-03,West,Consumer,Email,35,84300
C03673,2024-10-13,Northeast,Consumer,Social,39,46300
C03674,2023-06-05,West,Consumer,Social,45,31900
C03675,2025-04-28,West,Corporate,Search,30,68800
C03676,2023-09-05,West,Consumer,Referral,47,56000
C03677,2023-12-19,Midwest,Corporate,Referral,62,119500
C03678,2023-03-28,South,Small Business,Email,38,39300
C03679,2024-04-25,Midwest,Consumer,Referral,48,70500
C03680,2023-04-07,South,Consumer,Social,41,77900
C03681,2023-01-03,Midwest,Corporate,Referral,46,
C03682,2024-11-21,South,Consumer,Search,32,75700
C03683,2024-03-30,South,Consumer,Referral,31,85700
C03684,2025-04-16,Midwest,Consumer,Email,41,59200
C03685,2023-02-16,West,Consumer,Referral,32,80300
C03686,2023-09-16,Northeast,Consumer,Search,23,37300
C03687,2024-08-24,Midwest,Corporate,Social,50,85400
C03688,2025-02-08,Northeast,Consumer,Search,46,86900
C03689,2023-06-29,Midwest,Consumer,Search,62,116200
C03690,2025-08-08,West,Consumer,Search,41,32800
C03691,2024-10-24,West,Consumer,Referral,61,84000
C03692,2024-06-25,South,Consumer,Search,24,70300
C03693,2024-04-07,South,Consumer,Email,36,46600
C03694,2025-11-13,South,Small Business,Email,42,57300
C03695,2025-04-01,South,Consumer,Search,35,74700
C03696,2024-03-18,West,Consumer,Email,22,34200
C03697,2024-10-15,South,Consumer,Referral,26,49000
C03698,2024-02-16,Northeast,Corporate,Search,48,
C03699,2024-02-17,Northeast,Small Business,Search,45,108500
C03700,2023-12-24,West,Consumer,Social,35,90700
C03701,2023-12-30,South,Corporate,Email,18,
C03702,2024-03-31,Northeast,Consumer,Search,46,59500
C03703,2023-07-11,West,Corporate,Social,38,51400
C03704,2024-08-28,West,Consumer,Email,25,46800
C03705,2025-05-10,Midwest,Consumer,Social,47,35200
C03706,2023-06-16,Northeast,Consumer,Social,45,37800
C03707,2023-07-13,West,Consumer,Email,53,
C03708,2023-03-23,Midwest,Consumer,Email,18,59800
C03709,2023-05-04,Midwest,Consumer,Referral,46,106600
C03710,2024-03-22,West,Corporate,Search,51,78500
C03711,2023-05-22,West,Small Business,Search,37,123700
C03712,2025-08-14,South,Consumer,Search,31,42900
C03713,2023-12-13,Northeast,Consumer,Search,26,47700
C03714,2025-09-25,South,Consumer,Email,51,74900
C03715,2023-07-04,Northeast,Consumer,Search,40,67700
C03716,2023-03-28,South,Consumer,Search,24,67100
C03717,2023-03-02,West,Small Business,Social,31,116700
C03718,2024-03-26,South,Consumer,Search,34,72100
C03719,2023-01-29,South,Consumer,Social,39,59600
C03720,2023-01-13,Midwest,Corporate,Search,31,96100
C03721,2023-02-09,Midwest,Consumer,Search,55,68100
C03722,2023-07-24,Northeast,Consumer,Search,29,85700
C03723,2023-01-16,South,Corporate,Search,37,118900
C03724,2023-09-16,South,Consumer,Referral,51,38600
C03725,2025-08-15,Midwest,Corporate,Search,33,133700
C03726,2023-05-21,Midwest,Consumer,Search,38,40200
C03727,2024-08-31,Midwest,Consumer,Search,56,50700
C03728,2023-09-14,Northeast,Corporate,Social,31,113600
C03729,2024-02-27,West,Small Business,Referral,61,88100
C03730,2025-04-11,West,Consumer,Search,42,38000
C03731,2023-07-11,Midwest,Consumer,Search,31,72000
C03732,2023-11-16,Northeast,Small Business,Social,41,87200
C03733,2024-03-06,West,Consumer,Email,43,64800
C03734,2025-07-30,South,Consumer,Social,23,54200
C03735,2025-02-01,South,Consumer,Referral,18,45700
C03736,2025-10-10,Midwest,Consumer,Email,40,54600
C03737,2025-04-17,Northeast,Small Business,Referral,36,90300
C03738,2025-01-25,Northeast,Corporate,Referral,35,119500
C03739,2025-07-28,West,Consumer,Referral,56,74600
C03740,2024-04-27,West,Corporate,Social,35,127300
C03741,2025-07-15,West,Corporate,Search,18,72500
C03742,2023-01-13,West,Consumer,Email,61,59500
C03743,2023-02-24,West,Consumer,Search,39,63200
C03744,2023-02-19,West,Small Business,Referral,41,41300
C03745,2025-07-31,West,Consumer,Email,44,90600
C03746,2024-04-14,Northeast,Corporate,Social,34,140800
C03747,2024-08-27,West,Small Business,Email,55,105000
C03748,2023-11-19,Midwest,Consumer,Email,18,57000
C03749,2025-09-06,Midwest,Small Business,Referral,41,32400
C03750,2025-03-28,West,Consumer,Email,49,93800
C03751,2025-04-14,South,Small Business,Email,28,38800
C03752,2025-01-21,Northeast,Consumer,Email,18,66800
C03753,2023-05-23,South,Corporate,Email,60,145300
C03754,2023-06-26,Midwest,Consumer,Referral,32,91500
C03755,2025-07-22,South,Consumer,Referral,41,83400
C03756,2023-03-31,South,Small Business,Social,44,89000
C03757,2023-06-29,Midwest,Corporate,Search,33,81000
C03758,2024-02-10,West,Small Business,Email,21,101100
C03759,2024-03-11,Northeast,Consumer,Social,33,112700
C03760,2025-01-05,West,Consumer,Social,38,
C03761,2023-08-18,West,Consumer,Email,18,22000
C03762,2025-05-27,Northeast,Consumer,Search,46,53700
C03763,2023-12-20,West,Small Business,Email,39,67800
C03764,2023-08-25,Northeast,Consumer,Referral,58,
C03765,2023-01-18,South,Consumer,Email,44,30600
C03766,2024-10-02,South,Consumer,Search,36,51300
C03767,2025-01-18,Northeast,Consumer,Search,27,51600
C03768,2025-01-05,South,Consumer,Search,23,81900
C03769,2025-01-18,South,Small Business,Email,26,98900
C03770,2023-01-23,West,Consumer,Social,34,53100
C03771,2024-03-10,South,Corporate,Email,50,100900
C03772,2023-08-28,Midwest,Consumer,Referral,68,125100
C03773,2024-08-07,Northeast,Consumer,Referral,43,58100
C03774,2023-12-08,South,Small Business,Search,36,63300
C03775,2024-07-07,West,Consumer,Social,56,73300
C03776,2023-06-11,Midwest,Corporate,Search,27,91600
C03777,2024-12-12,West,Consumer,Referral,52,76900
C03778,2024-08-28,Northeast,Consumer,Social,38,42800
C03779,2023-12-15,Northeast,Consumer,Referral,35,51700
C03780,2025-05-30,West,Consumer,Email,27,44100
C03781,2024-05-11,Midwest,Consumer,Email,35,22000
C03782,2025-05-17,Northeast,Consumer,Search,54,32600
C03783,2025-10-28,South,Consumer,Referral,54,65500
C03784,2023-12-15,South,Small Business,Search,25,105500
C03785,2024-02-03,Northeast,Consumer,Social,31,50800
C03786,2023-05-02,Midwest,Corporate,Search,35,90400
C03787,2023-11-12,South,Corporate,Search,18,148900
C03788,2024-07-26,Northeast,Consumer,Referral,18,33300
C03789,2023-01-28,West,Consumer,Search,42,52100
C03790,2025-10-07,West,Corporate,Search,28,94900
C03791,2023-11-15,Midwest,Small Business,Email,39,56900
C03792,2025-02-10,West,Consumer,Search,18,22000
C03793,2023-02-26,South,Corporate,Social,23,106500
C03794,2023-11-14,South,Corporate,Referral,45,
C03795,2024-01-27,West,Consumer,Referral,44,79300
C03796,2024-02-07,Northeast,Corporate,Search,39,75400
C03797,2023-04-18,South,Consumer,Referral,27,22000
C03798,2023-03-28,South,Small Business,Social,27,96200
C03799,2023-07-23,West,Consumer,Search,61,58400
C03800,2025-04-27,South,Consumer,Email,18,102100
C03801,2025-02-12,South,Small Business,Email,36,92200
C03802,2025-10-01,Northeast,Small Business,Email,63,74900
C03803,2025-06-18,South,Corporate,Search,41,116400
C03804,2023-03-02,Northeast,Consumer,Search,18,96100
C03805,2023-12-13,West,Corporate,Email,44,108800
C03806,2025-04-18,Northeast,Corporate,Social,30,90400
C03807,2025-03-23,West,Corporate,Referral,41,89200
C03808,2025-10-08,West,Small Business,Search,40,99900
C03809,2023-06-17,Northeast,Consumer,Search,38,115000
C03810,2025-10-15,Midwest,Small Business,Referral,30,97300
C03811,2023-10-23,Midwest,Corporate,Search,32,91500
C03812,2024-01-24,Northeast,Consumer,Email,42,38400
C03813,2023-09-19,South,Corporate,Social,61,151300
C03814,2024-08-08,West,Consumer,Search,46,36200
C03815,2023-03-31,Midwest,Small Business,Referral,41,84000
C03816,2025-08-27,Midwest,Consumer,Referral,46,99800
C03817,2025-01-05,South,Consumer,Social,31,58100
C03818,2023-02-03,South,Consumer,Referral,35,75200
C03819,2025-09-06,Northeast,Consumer,Referral,44,85500
C03820,2025-10-09,West,Consumer,Referral,18,81200
C03821,2024-07-31,Northeast,Consumer,Email,45,61900
C03822,2023-01-25,West,Small Business,Email,51,73900
C03823,2023-06-09,South,Consumer,Social,27,33300
C03824,2024-01-20,Midwest,Small Business,Social,49,101900
C03825,2024-02-28,Midwest,Corporate,Email,36,107500
C03826,2023-07-03,Northeast,Consumer,Search,31,105900
C03827,2025-09-23,South,Consumer,Email,19,51100
C03828,2024-02-12,South,Consumer,Email,42,60400
C03829,2024-01-24,West,Corporate,Referral,42,102500
C03830,2023-10-16,West,Corporate,Search,49,95000
C03831,2024-10-01,South,Corporate,Search,33,74100
C03832,2025-07-21,West,Corporate,Search,46,53700
C03833,2023-03-04,West,Consumer,Referral,37,26600
C03834,2023-05-09,Midwest,Small Business,Search,45,65400
C03835,2025-10-25,South,Small Business,Search,29,69200
C03836,2024-04-20,South,Consumer,Search,18,107300
C03837,2024-11-21,Northeast,Small Business,Email,34,89000
C03838,2025-05-10,South,Consumer,Social,40,54800
C03839,2025-07-26,Midwest,Consumer,Search,23,59900
C03840,2023-10-27,Midwest,Consumer,Email,53,99800
C03841,2024-01-02,Northeast,Corporate,Referral,49,116100
C03842,2024-04-29,South,Consumer,Search,53,29500
C03843,2024-02-27,Northeast,Corporate,Email,29,149400
C03844,2025-08-29,West,Consumer,Search,42,83000
C03845,2024-09-16,West,Consumer,Search,40,69600
C03846,2024-03-06,West,Consumer,Email,29,56100
C03847,2025-11-05,Northeast,Consumer,Search,35,58900
C03848,2023-05-21,West,Consumer,Email,43,90000
C03849,2023-02-16,Northeast,Consumer,Social,36,102600
C03850,2024-10-08,Northeast,Corporate,Search,18,
C03851,2023-04-29,West,Corporate,Social,33,43200
C03852,2024-06-22,South,Consumer,Search,43,22000
C03853,2023-03-27,Northeast,Small Business,Referral,33,98300
C03854,2024-12-17,Northeast,Consumer,Social,48,88700
C03855,2025-03-06,West,Small Business,Referral,59,69000
C03856,2024-12-30,West,Consumer,Email,40,105300
C03857,2023-10-22,Northeast,Corporate,Social,30,124600
C03858,2024-11-01,Midwest,Small Business,Search,19,78700
C03859,2025-06-26,Midwest,Consumer,Search,42,48200
C03860,2023-07-04,Midwest,Consumer,Email,25,49900
C03861,2023-10-30,South,Small Business,Email,39,45100
C03862,2024-09-25,South,Small Business,Search,32,75300
C03863,2025-04-11,West,Small Business,Search,18,76800
C03864,2023-05-13,Midwest,Consumer,Social,53,100300
C03865,2025-07-17,Midwest,Consumer,Referral,45,22000
C03866,2025-05-08,Midwest,Corporate,Email,34,152400
C03867,2023-07-07,South,Consumer,Referral,46,
C03868,2025-02-22,West,Consumer,Email,24,37400
C03869,2023-10-04,South,Consumer,Social,34,100500
C03870,2025-02-03,West,Small Business,Social,44,24100
C03871,2025-07-08,West,Small Business,Social,52,68800
C03872,2023-01-09,Northeast,Consumer,Search,54,65300
C03873,2025-03-15,South,Consumer,Social,71,42800
C03874,2023-04-04,Midwest,Corporate,Referral,36,81100
C03875,2025-05-06,West,Small Business,Search,24,69000
C03876,2025-06-17,West,Consumer,Search,56,26900
C03877,2024-10-04,West,Small Business,Social,25,92800
C03878,2023-10-16,West,Corporate,Search,33,109200
C03879,2025-10-20,West,Corporate,Email,33,146000
C03880,2023-07-11,Northeast,Corporate,Referral,54,121300
C03881,2024-01-28,Northeast,Consumer,Referral,41,47000
C03882,2023-10-08,West,Consumer,Email,45,44200
C03883,2025-04-29,South,Corporate,Email,32,106600
C03884,2023-07-12,West,Corporate,Social,51,79200
C03885,2023-08-26,South,Consumer,Social,49,74400
C03886,2023-01-09,South,Corporate,Social,21,104800
C03887,2025-04-27,West,Small Business,Social,37,22000
C03888,2025-07-31,Midwest,Small Business,Search,30,57700
C03889,2023-08-14,South,Corporate,Social,49,86300
C03890,2023-03-29,Midwest,Consumer,Search,39,54500
C03891,2023-03-03,South,Consumer,Social,70,62000
C03892,2023-01-13,West,Small Business,Search,31,70500
C03893,2023-04-04,South,Consumer,Search,43,111400
C03894,2025-09-08,South,Small Business,Referral,67,25000
C03895,2025-10-09,West,Corporate,Social,52,105200
C03896,2023-10-20,South,Consumer,Email,30,22300
C03897,2024-03-29,South,Corporate,Search,43,117000
C03898,2023-02-17,West,Consumer,Social,39,87100
C03899,2024-05-30,Northeast,Corporate,Search,47,82600
C03900,2023-04-11,South,Corporate,Social,61,149900
C03901,2023-05-20,West,Small Business,Referral,76,88400
C03902,2025-05-09,Midwest,Small Business,Search,53,65800
C03903,2024-09-28,South,Consumer,Referral,53,55700
C03904,2023-04-15,Midwest,Consumer,Social,22,67600
C03905,2024-04-14,Northeast,Consumer,Social,18,62300
C03906,2023-04-09,Midwest,Corporate,Search,27,104100
C03907,2025-03-29,South,Consumer,Search,28,97300
C03908,2025-06-01,West,Consumer,Search,62,39600
C03909,2023-06-23,West,Consumer,Social,44,68400
C03910,2024-06-05,Midwest,Corporate,Referral,28,56700
C03911,2025-01-13,Northeast,Consumer,Search,18,51200
C03912,2025-06-29,South,Consumer,Social,35,51600
C03913,2024-11-30,South,Consumer,Referral,38,63400
C03914,2023-04-05,West,Corporate,Search,37,108000
C03915,2024-10-20,South,Small Business,Email,34,72000
C03916,2025-04-22,Midwest,Consumer,Search,24,56100
C03917,2025-06-14,West,Corporate,Search,51,54600
C03918,2023-01-20,Northeast,Consumer,Email,41,72800
C03919,2025-07-13,West,Small Business,Social,40,74900
C03920,2023-08-31,South,Small Business,Search,45,72400
C03921,2023-09-20,West,Small Business,Referral,34,80700
C03922,2023-04-18,South,Small Business,Referral,29,60900
C03923,2024-10-04,Midwest,Consumer,Referral,19,46100
C03924,2024-05-30,Midwest,Small Business,Email,47,81600
C03925,2025-03-22,West,Corporate,Search,40,92700
C03926,2024-09-11,West,Consumer,Email,43,49400
C03927,2025-02-16,South,Consumer,Email,47,25400
C03928,2024-12-20,Northeast,Consumer,Search,65,34900
C03929,2025-09-10,South,Small Business,Search,40,61100
C03930,2024-06-19,Northeast,Corporate,Search,25,85200
C03931,2024-09-17,Midwest,Consumer,Referral,42,61400
C03932,2024-05-29,South,Consumer,Search,18,49400
C03933,2024-06-30,Northeast,Consumer,Referral,66,53200
C03934,2023-12-20,West,Consumer,Referral,31,22000
C03935,2025-06-18,South,Corporate,Search,44,56400
C03936,2024-09-23,South,Consumer,Search,38,66900
C03937,2025-09-18,West,Consumer,Social,46,65300
C03938,2025-08-23,Midwest,Consumer,Email,40,57100
C03939,2024-12-31,South,Corporate,Referral,34,124500
C03940,2025-07-20,Midwest,Small Business,Social,48,92100
C03941,2025-07-22,South,Consumer,Search,49,34000
C03942,2025-07-05,South,Consumer,Search,31,74600
C03943,2023-09-17,Northeast,Consumer,Social,29,92300
C03944,2024-08-17,Northeast,Corporate,Search,37,105400
C03945,2025-08-19,Northeast,Small Business,Search,18,76800
C03946,2025-07-26,Northeast,Consumer,Search,28,34900
C03947,2025-05-06,Midwest,Consumer,Email,50,74200
C03948,2023-01-22,West,Corporate,Referral,60,128900
C03949,2023-04-15,Midwest,Corporate,Social,64,128000
C03950,2024-12-23,South,Consumer,Referral,35,28300
C03951,2024-04-11,South,Corporate,Social,56,95700
C03952,2023-01-29,Northeast,Consumer,Email,37,29700
C03953,2025-09-18,South,Consumer,Email,49,22000
C03954,2024-05-30,Northeast,Corporate,Social,33,82600
C03955,2025-02-20,Northeast,Consumer,Search,56,51500
C03956,2024-07-13,West,Consumer,Search,18,29400
C03957,2023-04-19,Midwest,Consumer,Search,21,76500
C03958,2023-12-28,Northeast,Consumer,Search,27,99500
C03959,2023-05-11,Northeast,Consumer,Email,24,36800
C03960,2023-09-30,South,Corporate,Social,70,109700
C03961,2024-11-14,West,Corporate,Search,36,70100
C03962,2024-10-15,South,Small Business,Social,21,107400
C03963,2025-04-30,Northeast,Consumer,Email,30,58700
C03964,2025-02-21,Midwest,Consumer,Email,29,27400
C03965,2025-09-18,South,Consumer,Email,47,66200
C03966,2024-05-22,West,Corporate,Search,44,104300
C03967,2023-11-05,West,Consumer,Referral,34,50700
C03968,2024-11-02,South,Consumer,Email,54,23700
C03969,2023-12-07,South,Small Business,Search,46,108400
C03970,2023-08-13,South,Consumer,Email,41,48700
C03971,2023-04-20,Midwest,Consumer,Search,38,70800
C03972,2023-12-14,South,Corporate,Search,47,106700
C03973,2023-07-07,West,Corporate,Social,40,109500
C03974,2024-11-18,South,Consumer,Social,50,44300
C03975,2023-02-14,West,Consumer,Referral,41,46900
C03976,2023-09-03,Northeast,Consumer,Social,72,64300
C03977,2023-05-17,West,Corporate,Email,23,98800
C03978,2023-07-15,West,Consumer,Email,38,68400
C03979,2023-10-05,West,Consumer,Email,18,71900
C03980,2023-11-30,West,Small Business,Search,65,77100
C03981,2024-01-19,South,Consumer,Social,26,102100
C03982,2025-09-17,Northeast,Small Business,Referral,78,68300
C03983,2025-06-22,Northeast,Consumer,Search,48,68000
C03984,2025-01-04,West,Consumer,Email,31,64500
C03985,2024-01-29,West,Corporate,Social,40,96900
C03986,2023-09-17,Northeast,Consumer,Email,67,28200
C03987,2025-05-09,South,Consumer,Search,38,66000
C03988,2024-02-12,Midwest,Corporate,Social,31,121500
C03989,2024-10-04,South,Consumer,Email,51,92600
C03990,2024-03-20,South,Consumer,Social,38,66100
C03991,2024-06-19,South,Consumer,Search,21,60300
C03992,2024-06-05,South,Corporate,Search,57,45500
C03993,2025-06-01,Midwest,Corporate,Social,36,89600
C03994,2024-06-01,West,Small Business,Social,32,48900
C03995,2023-04-09,Northeast,Corporate,Email,54,68600
C03996,2024-06-14,Northeast,Consumer,Search,24,39500
C03997,2023-07-17,Midwest,Small Business,Social,37,45000
C03998,2024-03-07,Northeast,Consumer,Referral,36,44400
C03999,2024-05-08,Midwest,Small Business,Email,47,104900
C04000,2024-03-08,South,Consumer,Email,23,83100
C04001,2023-06-29,Northeast,Small Business,Social,18,51500
C04002,2025-05-16,South,Consumer,Social,54,101700
C04003,2024-12-23,West,Consumer,Search,26,72500
C04004,2025-05-27,Midwest,Consumer,Referral,37,77400
C04005,2023-07-28,West,Consumer,Search,39,44300
C04006,2024-07-26,Northeast,Consumer,Social,50,25800
C04007,2025-09-07,South,Consumer,Social,56,22000
C04008,2024-02-27,Northeast,Small Business,Social,30,76000
C04009,2023-12-17,Midwest,Consumer,Search,54,24200
C04010,2023-07-10,Northeast,Consumer,Referral,33,22000
C04011,2024-06-10,West,Consumer,Email,55,22000
C04012,2023-01-03,South,Small Business,Search,38,97800
C04013,2023-12-01,Northeast,Consumer,Search,59,34500
C04014,2024-11-28,West,Consumer,Search,46,60500
C04015,2024-02-01,Midwest,Small Business,Search,56,77400
C04016,2025-02-12,South,Corporate,Social,43,120500
C04017,2023-05-19,Midwest,Consumer,Email,43,22000
C04018,2024-08-24,Northeast,Small Business,Search,47,102800
C04019,2023-12-19,West,Corporate,Search,33,57600
C04020,2024-10-28,South,Consumer,Email,26,52000
C04021,2024-09-15,West,Corporate,Referral,45,83800
C04022,2024-06-17,South,Corporate,Social,55,113500
C04023,2024-12-18,West,Consumer,Search,25,87400
C04024,2024-05-05,Midwest,Small Business,Search,18,22000
C04025,2025-04-06,South,Corporate,Search,44,58200
C04026,2025-09-10,Midwest,Consumer,Referral,58,68200
C04027,2023-02-18,South,Consumer,Social,42,
C04028,2023-09-12,West,Consumer,Social,48,22000
C04029,2023-11-15,Northeast,Corporate,Social,50,83400
C04030,2023-08-26,West,Consumer,Search,28,39400
C04031,2025-05-23,West,Corporate,Social,43,59600
C04032,2023-07-29,South,Consumer,Email,28,22000
C04033,2024-09-04,West,Consumer,Referral,41,63800
C04034,2025-04-30,South,Consumer,Social,48,62300
C04035,2023-10-09,West,Consumer,Social,30,82800
C04036,2024-02-18,Midwest,Consumer,Social,28,59500
C04037,2025-07-10,West,Consumer,Email,38,83900
C04038,2025-01-06,Northeast,Consumer,Social,31,43700
C04039,2023-06-09,Northeast,Consumer,Search,45,59600
C04040,2023-07-11,West,Consumer,Search,40,40500
C04041,2024-08-18,South,Consumer,Search,18,52800
C04042,2025-04-17,Northeast,Consumer,Email,36,65200
C04043,2025-01-03,Northeast,Corporate,Referral,35,85400
C04044,2023-08-10,Midwest,Consumer,Search,61,54300
C04045,2025-07-25,Northeast,Consumer,Referral,31,22000
C04046,2024-12-16,Northeast,Consumer,Email,40,72100
C04047,2023-05-24,Midwest,Consumer,Social,64,43300
C04048,2025-01-12,South,Corporate,Social,42,113300
C04049,2023-12-04,South,Consumer,Social,33,69700
C04050,2025-07-05,Midwest,Consumer,Search,38,57500
C04051,2025-09-12,West,Small Business,Search,71,94700
C04052,2023-07-06,Northeast,Small Business,Referral,52,73200
C04053,2023-04-28,South,Consumer,Search,33,69300
C04054,2025-02-06,South,Consumer,Social,68,56300
C04055,2025-05-10,Midwest,Consumer,Social,33,73100
C04056,2025-05-14,South,Small Business,Referral,52,66500
C04057,2025-04-10,Northeast,Small Business,Email,33,124800
C04058,2024-05-11,South,Consumer,Search,46,80300
C04059,2025-08-11,West,Consumer,Referral,41,45200
C04060,2023-09-28,Midwest,Consumer,Referral,55,22000
C04061,2024-09-25,West,Consumer,Search,49,77200
C04062,2025-11-02,South,Small Business,Search,38,81000
C04063,2025-01-20,West,Consumer,Social,58,119000
C04064,2024-01-12,Northeast,Small Business,Search,39,151500
C04065,2023-07-04,West,Consumer,Email,38,65600
C04066,2024-03-18,Midwest,Consumer,Email,31,25200
C04067,2025-04-29,Northeast,Consumer,Search,42,84200
C04068,2023-12-07,Midwest,Consumer,Search,53,75900
C04069,2025-08-12,West,Consumer,Search,24,43100
C04070,2025-02-08,West,Consumer,Search,56,22000
C04071,2023-11-30,South,Consumer,Email,18,96800
C04072,2023-10-05,West,Consumer,Referral,36,101600
C04073,2025-07-20,Midwest,Corporate,Email,26,64900
C04074,2024-11-16,Northeast,Consumer,Email,42,28500
C04075,2024-11-28,West,Corporate,Search,42,110700
C04076,2025-08-11,Northeast,Small Business,Social,32,75900
C04077,2023-10-26,Northeast,Corporate,Email,35,
C04078,2025-04-01,West,Consumer,Search,30,59600
C04079,2023-06-27,South,Consumer,Email,28,66200
C04080,2023-09-28,Midwest,Consumer,Referral,33,70000
C04081,2024-08-18,South,Small Business,Search,46,38100
C04082,2025-03-03,South,Corporate,Email,57,116900
C04083,2024-03-07,Northeast,Consumer,Search,48,47000
C04084,2023-09-22,West,Consumer,Social,39,67700
C04085,2025-11-07,West,Consumer,Social,41,32200
C04086,2024-12-15,Northeast,Consumer,Social,59,35500
C04087,2024-05-25,Northeast,Consumer,Social,30,50900
C04088,2025-04-10,Midwest,Consumer,Search,40,30700
C04089,2023-06-21,West,Consumer,Referral,67,44100
C04090,2023-12-05,West,Corporate,Social,37,91400
C04091,2024-08-10,Northeast,Consumer,Email,23,58400
C04092,2024-12-13,Northeast,Small Business,Social,69,119800
C04093,2024-12-05,West,Corporate,Search,48,62300
C04094,2025-01-12,Midwest,Consumer,Social,52,66900
C04095,2023-12-30,Northeast,Consumer,Search,49,93600
C04096,2023-12-07,South,Consumer,Search,26,67400
C04097,2023-03-22,South,Corporate,Social,32,105100
C04098,2023-05-08,South,Corporate,Social,56,123000
C04099,2024-03-09,Northeast,Consumer,Referral,20,94500
C04100,2023-10-17,Northeast,Corporate,Email,48,66300
C04101,2025-03-03,Northeast,Consumer,Search,31,76300
C04102,2025-01-08,Midwest,Consumer,Email,51,35900
C04103,2024-04-09,West,Consumer,Search,41,42800
C04104,2025-08-17,South,Small Business,Social,34,53400
C04105,2024-01-18,South,Consumer,Social,41,
C04106,2023-03-16,Northeast,Consumer,Social,45,26400
C04107,2025-06-12,Midwest,Consumer,Referral,30,68200
C04108,2025-07-20,Northeast,Small Business,Social,48,76500
C04109,2025-10-02,South,Consumer,Search,46,22000
C04110,2025-01-11,South,Consumer,Social,44,83100
C04111,2024-02-22,Northeast,Consumer,Email,23,34700
C04112,2023-04-27,Northeast,Consumer,Search,49,60400
C04113,2023-01-06,West,Small Business,Referral,43,
C04114,2023-02-03,Midwest,Consumer,Referral,32,52600
C04115,2024-12-11,South,Small Business,Social,41,74800
C04116,2024-03-16,South,Consumer,Social,49,22000
C04117,2025-05-19,Northeast,Consumer,Search,18,40400
C04118,2024-02-19,West,Consumer,Social,24,109200
C04119,2024-11-02,West,Consumer,Email,49,65000
C04120,2023-07-06,Northeast,Consumer,Search,41,
C04121,2023-09-04,West,Consumer,Search,39,45500
C04122,2024-03-05,South,Consumer,Social,27,80500
C04123,2024-07-03,Northeast,Consumer,Search,42,81400
C04124,2024-05-01,South,Corporate,Search,38,109700
C04125,2024-01-06,West,Consumer,Search,38,55600
C04126,2024-01-03,Midwest,Corporate,Referral,52,103800
C04127,2025-06-04,Northeast,Corporate,Search,56,85100
C04128,2024-10-03,South,Consumer,Social,53,59200
C04129,2025-09-07,South,Consumer,Search,44,72800
C04130,2024-08-23,West,Consumer,Search,44,57900
C04131,2023-12-08,Midwest,Corporate,Social,28,76900
C04132,2023-08-24,West,Consumer,Email,36,54500
C04133,2024-11-02,South,Small Business,Search,26,74000
C04134,2023-05-15,Midwest,Consumer,Search,42,64800
C04135,2025-09-03,South,Small Business,Email,18,38700
C04136,2025-10-23,West,Small Business,Social,27,90800
C04137,2023-03-30,Midwest,Corporate,Email,40,102100
C04138,2023-03-23,Northeast,Small Business,Email,20,77100
C04139,2024-01-04,Northeast,Consumer,Referral,30,28200
C04140,2025-03-16,Midwest,Small Business,Email,27,141100
C04141,2024-11-07,South,Corporate,Social,27,96500
C04142,2023-05-31,Midwest,Corporate,Social,30,108000
C04143,2024-10-27,Northeast,Corporate,Email,44,86000
C04144,2023-03-16,South,Consumer,Email,29,90000
C04145,2023-11-01,Northeast,Consumer,Social,35,127200
C04146,2025-01-21,South,Small Business,Search,58,54600
C04147,2025-04-20,Northeast,Consumer,Social,38,51000
C04148,2024-08-20,West,Corporate,Social,27,127100
C04149,2025-10-23,West,Consumer,Referral,19,87400
C04150,2024-01-21,West,Consumer,Search,38,90400
C04151,2024-10-20,West,Consumer,Search,33,74700
C04152,2024-01-22,West,Consumer,Search,41,83500
C04153,2024-01-02,South,Consumer,Referral,37,45400
C04154,2024-01-15,South,Small Business,Social,56,57400
C04155,2025-10-06,South,Corporate,Search,58,65700
C04156,2024-02-20,West,Small Business,Social,18,50800
C04157,2025-03-10,Midwest,Consumer,Search,62,35900
C04158,2025-05-28,Northeast,Small Business,Search,63,90800
C04159,2023-08-12,Northeast,Corporate,Referral,38,77900
C04160,2025-04-28,Northeast,Consumer,Social,35,51100
C04161,2025-08-10,South,Consumer,Email,21,45800
C04162,2024-10-31,South,Consumer,Search,33,22000
C04163,2025-09-03,West,Small Business,Social,45,69600
C04164,2024-05-13,Midwest,Small Business,Search,62,95000
C04165,2024-08-04,Northeast,Consumer,Search,67,64100
C04166,2025-10-24,South,Consumer,Search,19,59300
C04167,2024-08-23,West,Consumer,Search,37,71800
C04168,2025-07-11,West,Consumer,Email,40,96600
C04169,2023-06-10,Midwest,Consumer,Referral,32,69300
C04170,2024-02-26,Northeast,Corporate,Social,50,98500
C04171,2025-07-29,South,Small Business,Search,40,91200
C04172,2025-11-13,South,Consumer,Social,32,59900
C04173,2023-12-21,South,Consumer,Search,39,30600
C04174,2025-02-16,Northeast,Small Business,Social,50,79400
C04175,2024-09-01,Northeast,Small Business,Email,54,77300
C04176,2023-01-18,West,Consumer,Email,36,101700
C04177,2024-09-11,Midwest,Consumer,Referral,49,94200
C04178,2023-01-27,Northeast,Small Business,Search,55,71700
C04179,2025-11-02,South,Corporate,Social,35,99000
C04180,2025-08-25,Northeast,Corporate,Search,45,113300
C04181,2024-08-16,Midwest,Small Business,Email,23,50700
C04182,2024-07-24,South,Consumer,Social,52,69400
C04183,2023-07-18,West,Consumer,Social,43,61200
C04184,2023-12-06,Midwest,Consumer,Social,24,52600
C04185,2025-06-30,Northeast,Consumer,Search,39,87100
C04186,2024-06-18,South,Consumer,Social,20,58500
C04187,2024-12-10,Midwest,Consumer,Social,65,78800
C04188,2023-04-03,West,Consumer,Search,41,71700
C04189,2023-10-15,West,Consumer,Email,34,38200
C04190,2023-02-09,Northeast,Consumer,Email,35,80700
C04191,2024-01-08,Midwest,Consumer,Search,51,78400
C04192,2024-09-07,Northeast,Consumer,Social,32,34100
C04193,2024-12-08,South,Consumer,Social,20,38500
C04194,2024-02-14,West,Consumer,Referral,22,58100
C04195,2025-03-01,West,Corporate,Referral,30,104500
C04196,2024-11-22,West,Corporate,Search,26,98200
C04197,2023-09-27,South,Consumer,Search,50,94900
C04198,2024-12-09,West,Consumer,Social,35,93900
C04199,2024-08-03,Midwest,Small Business,Referral,43,89800
C04200,2024-10-10,South,Small Business,Email,32,98000
C04201,2024-12-20,South,Consumer,Social,61,41900
C04202,2024-05-14,West,Corporate,Search,37,116200
C04203,2025-06-21,Northeast,Small Business,Email,44,62200
C04204,2025-06-18,West,Consumer,Search,19,50600
C04205,2023-11-11,Northeast,Corporate,Email,49,99700
C04206,2023-04-10,South,Consumer,Referral,32,73400
C04207,2025-05-25,Northeast,Small Business,Email,43,87200
C04208,2025-08-11,Northeast,Small Business,Referral,38,133300
C04209,2024-09-11,Northeast,Consumer,Email,45,22000
C04210,2024-02-05,Northeast,Small Business,Search,40,61800
C04211,2024-09-03,South,Consumer,Social,41,37600
C04212,2023-01-23,West,Consumer,Email,57,93200
C04213,2024-05-20,West,Corporate,Social,18,157900
C04214,2023-12-06,West,Corporate,Referral,54,57400
C04215,2024-04-19,West,Consumer,Social,39,81600
C04216,2024-09-06,Midwest,Small Business,Search,26,103200
C04217,2023-06-25,South,Consumer,Search,29,69900
C04218,2025-07-19,South,Corporate,Search,43,55500
C04219,2023-04-27,Northeast,Corporate,Search,56,114100
C04220,2025-10-28,Northeast,Consumer,Search,18,22000
C04221,2024-07-15,South,Consumer,Search,54,98800
C04222,2025-03-27,Midwest,Consumer,Referral,30,22000
C04223,2023-03-03,Northeast,Consumer,Search,27,51800
C04224,2024-12-28,South,Consumer,Search,50,49300
C04225,2024-03-24,South,Consumer,Social,51,22000
C04226,2023-04-14,Northeast,Consumer,Search,36,22000
C04227,2024-04-28,Midwest,Small Business,Email,28,84800
C04228,2025-02-13,South,Corporate,Referral,36,121800
C04229,2023-10-09,Midwest,Consumer,Email,36,114500
C04230,2023-04-09,Midwest,Small Business,Search,18,74500
C04231,2024-04-14,West,Consumer,Referral,50,29100
C04232,2025-03-25,Northeast,Corporate,Social,31,38800
C04233,2025-05-07,Midwest,Corporate,Search,59,128900
C04234,2024-04-01,Midwest,Corporate,Search,39,76300
C04235,2023-09-26,Midwest,Consumer,Email,37,119200
C04236,2024-04-14,West,Corporate,Search,38,92100
C04237,2023-02-28,West,Consumer,Social,30,79100
C04238,2025-03-07,West,Consumer,Social,40,114500
C04239,2025-07-08,South,Small Business,Search,45,40900
C04240,2025-03-31,West,Consumer,Social,64,65700
C04241,2024-05-30,South,Consumer,Search,36,91100
C04242,2024-03-02,South,Consumer,Search,42,48000
C04243,2023-03-18,South,Corporate,Search,19,131500
C04244,2025-02-20,Northeast,Consumer,Search,57,
C04245,2024-02-04,West,Consumer,Email,58,44300
C04246,2024-08-08,West,Small Business,Search,39,
C04247,2025-09-11,Northeast,Corporate,Referral,45,119900
C04248,2023-10-14,South,Corporate,Social,42,98500
C04249,2024-10-31,West,Consumer,Referral,39,82400
C04250,2023-08-31,South,Consumer,Email,39,73100
C04251,2024-01-03,Midwest,Consumer,Search,41,26800
C04252,2023-12-31,Northeast,Corporate,Search,44,114200
C04253,2024-04-20,West,Small Business,Email,34,95400
C04254,2025-05-26,South,Consumer,Search,44,62400
C04255,2023-01-03,Northeast,Consumer,Search,27,58900
C04256,2025-09-29,South,Consumer,Search,40,114400
C04257,2025-07-06,West,Small Business,Search,48,120100
C04258,2023-09-10,Northeast,Consumer,Search,39,77300
C04259,2025-06-21,Midwest,Corporate,Search,22,89500
C04260,2025-11-15,South,Consumer,Search,47,64800
C04261,2025-07-11,Midwest,Small Business,Social,42,112300
C04262,2024-08-15,Northeast,Consumer,Social,35,
C04263,2023-08-19,Northeast,Small Business,Social,28,67000
C04264,2024-06-19,West,Consumer,Social,31,49800
C04265,2025-01-02,West,Corporate,Search,32,124600
C04266,2023-05-04,West,Consumer,Search,40,44400
C04267,2025-02-14,West,Corporate,Search,25,114400
C04268,2025-01-10,Northeast,Consumer,Referral,63,22000
C04269,2024-02-23,South,Consumer,Search,49,68900
C04270,2023-09-05,South,Consumer,Search,44,73800
C04271,2023-03-29,West,Consumer,Search,39,91400
C04272,2025-02-27,West,Consumer,Referral,52,55900
C04273,2023-01-10,South,Consumer,Search,25,74000
C04274,2025-09-01,South,Corporate,Social,47,150300
C04275,2023-04-01,Midwest,Corporate,Search,39,115200
C04276,2023-11-04,Midwest,Corporate,Email,37,77600
C04277,2024-12-19,Northeast,Consumer,Search,48,67100
C04278,2024-08-03,West,Corporate,Social,41,100600
C04279,2024-08-05,West,Corporate,Search,48,86900
C04280,2023-03-27,South,Corporate,Email,38,57200
C04281,2024-12-23,West,Small Business,Search,58,104900
C04282,2025-10-27,West,Small Business,Referral,57,81100
C04283,2023-05-05,Northeast,Consumer,Email,18,25200
C04284,2023-10-22,Midwest,Consumer,Search,76,53100
C04285,2023-08-02,South,Consumer,Social,42,95600
C04286,2025-09-14,West,Corporate,Email,41,98100
C04287,2025-03-06,Northeast,Consumer,Email,46,27200
C04288,2023-10-16,Northeast,Consumer,Social,43,72400
C04289,2023-09-08,South,Corporate,Social,59,74300
C04290,2024-06-02,West,Consumer,Search,43,70300
C04291,2025-07-31,South,Consumer,Search,49,47200
C04292,2023-03-05,Midwest,Consumer,Social,26,72000
C04293,2023-05-28,Midwest,Consumer,Social,46,23100
C04294,2025-06-29,South,Small Business,Email,40,85600
C04295,2023-08-26,South,Consumer,Email,30,31400
C04296,2024-08-07,Midwest,Consumer,Social,22,130900
C04297,2024-05-30,West,Small Business,Search,34,62500
C04298,2023-03-10,Northeast,Corporate,Referral,60,119000
C04299,2024-09-25,South,Consumer,Search,38,99600
C04300,2024-02-13,Midwest,Small Business,Search,24,127900
C04301,2024-02-09,South,Corporate,Email,36,95700
C04302,2025-10-30,Northeast,Consumer,Search,45,61400
C04303,2025-01-26,South,Corporate,Social,38,71400
C04304,2023-01-11,South,Corporate,Social,52,90000
C04305,2024-01-28,West,Consumer,Email,35,54800
C04306,2025-10-21,South,Consumer,Email,33,70400
C04307,2024-02-13,West,Small Business,Social,39,90300
C04308,2023-07-27,West,Consumer,Social,37,81700
C04309,2024-08-30,West,Corporate,Search,39,119400
C04310,2023-03-12,South,Small Business,Search,50,52100
C04311,2024-09-27,South,Consumer,Search,44,121700
C04312,2023-10-30,South,Consumer,Search,61,67900
C04313,2025-02-16,Northeast,Corporate,Search,45,90300
C04314,2023-10-24,West,Consumer,Email,51,29000
C04315,2025-04-01,South,Consumer,Search,26,57200
C04316,2025-01-13,Midwest,Corporate,Email,40,
C04317,2023-08-27,West,Consumer,Email,68,22000
C04318,2025-03-27,West,Consumer,Social,40,54200
C04319,2025-04-04,Midwest,Corporate,Search,46,
C04320,2024-10-28,West,Small Business,Search,21,104900
C04321,2023-10-01,South,Consumer,Search,37,22000
C04322,2025-02-14,West,Small Business,Search,23,75400
C04323,2024-11-25,West,Consumer,Email,33,65400
C04324,2025-06-29,South,Corporate,Search,52,85700
C04325,2025-07-07,South,Consumer,Email,18,45000
C04326,2023-09-08,South,Small Business,Social,32,72800
C04327,2023-08-11,South,Consumer,Social,53,47000
C04328,2023-08-29,South,Corporate,Social,42,89000
C04329,2024-02-03,Northeast,Corporate,Referral,34,137700
C04330,2024-07-04,West,Consumer,Search,37,75100
C04331,2025-04-05,Northeast,Consumer,Email,38,63600
C04332,2023-04-06,South,Consumer,Referral,24,57200
C04333,2023-12-24,Midwest,Corporate,Social,27,71400
C04334,2024-03-11,Northeast,Small Business,Email,63,75000
C04335,2025-09-19,Midwest,Consumer,Search,22,94800
C04336,2025-05-21,West,Consumer,Referral,27,41400
C04337,2023-12-18,South,Corporate,Referral,41,99100
C04338,2025-04-02,South,Corporate,Search,41,127200
C04339,2025-07-23,Northeast,Consumer,Email,27,87800
C04340,2023-11-30,South,Consumer,Referral,43,
C04341,2023-01-18,West,Corporate,Referral,39,91700
C04342,2023-11-23,South,Small Business,Social,31,35300
C04343,2025-03-29,South,Consumer,Social,60,89700
C04344,2025-02-20,Northeast,Consumer,Search,49,57400
C04345,2023-09-02,West,Consumer,Email,37,84200
C04346,2025-10-24,South,Consumer,Referral,18,22000
C04347,2023-12-30,South,Small Business,Referral,38,98700
C04348,2024-02-05,South,Consumer,Referral,38,23700
C04349,2023-08-30,South,Consumer,Social,34,118300
C04350,2025-10-31,Northeast,Consumer,Social,28,71000
C04351,2024-04-04,West,Corporate,Referral,42,119400
C04352,2023-04-11,Midwest,Consumer,Email,31,27400
C04353,2023-07-24,West,Corporate,Search,42,96800
C04354,2023-03-05,South,Consumer,Email,32,22000
C04355,2024-02-05,South,Small Business,Search,64,61100
C04356,2024-12-27,Northeast,Small Business,Search,51,82500
C04357,2024-11-29,West,Consumer,Referral,40,
C04358,2024-01-20,Northeast,Consumer,Search,46,28700
C04359,2023-11-27,West,Corporate,Email,18,99900
C04360,2024-03-17,South,Small Business,Search,27,54600
C04361,2024-08-10,Northeast,Consumer,Search,42,
C04362,2024-04-07,Northeast,Corporate,Email,34,61300
C04363,2025-06-23,Northeast,Consumer,Social,40,45100
C04364,2023-08-26,South,Consumer,Search,18,53400
C04365,2025-06-13,South,Corporate,Search,39,45400
C04366,2025-07-24,Northeast,Consumer,Search,52,114100
C04367,2025-04-23,South,Consumer,Referral,29,89500
C04368,2024-08-11,West,Consumer,Social,34,49000
C04369,2023-06-11,West,Consumer,Search,51,54200
C04370,2025-04-04,Midwest,Consumer,Social,29,62500
C04371,2024-11-01,South,Consumer,Email,26,42100
C04372,2025-06-01,South,Consumer,Search,44,60900
C04373,2025-01-21,South,Consumer,Social,47,102700
C04374,2025-09-25,Northeast,Consumer,Social,47,39400
C04375,2023-06-19,West,Consumer,Social,40,73100
C04376,2025-07-14,Midwest,Consumer,Email,23,54600
C04377,2024-10-13,Midwest,Consumer,Email,40,48500
C04378,2024-10-14,West,Consumer,Email,53,
C04379,2024-04-25,Northeast,Consumer,Email,52,39700
C04380,2025-07-17,Midwest,Consumer,Email,43,37300
C04381,2023-07-12,Midwest,Consumer,Search,35,39400
C04382,2023-06-10,West,Consumer,Social,41,86100
C04383,2025-09-30,West,Corporate,Social,47,66700
C04384,2025-04-15,South,Corporate,Search,52,81100
C04385,2025-05-02,Midwest,Small Business,Search,33,81700
C04386,2025-02-23,South,Consumer,Email,24,72800
C04387,2024-03-22,Northeast,Consumer,Social,47,72600
C04388,2023-05-23,West,Consumer,Search,43,54200
C04389,2025-06-24,South,Consumer,Social,34,112600
C04390,2024-02-15,Midwest,Corporate,Referral,51,122000
C04391,2023-03-07,West,Consumer,Social,26,63200
C04392,2024-09-22,West,Consumer,Search,37,105200
C04393,2023-09-11,West,Consumer,Search,35,95600
C04394,2024-05-04,South,Consumer,Email,42,50600
C04395,2023-02-20,Midwest,Consumer,Referral,26,69000
C04396,2023-02-14,South,Consumer,Referral,18,76100
C04397,2025-03-25,South,Consumer,Search,43,23500
C04398,2025-02-05,Northeast,Corporate,Referral,23,99700
C04399,2023-09-03,South,Consumer,Social,33,63500
C04400,2024-10-21,Northeast,Consumer,Referral,45,62300
C04401,2024-10-01,South,Small Business,Referral,47,96500
C04402,2024-10-16,Midwest,Small Business,Email,28,68900
C04403,2025-05-15,South,Consumer,Search,39,40200
C04404,2023-10-23,West,Consumer,Social,29,103900
C04405,2023-06-17,Northeast,Consumer,Search,40,63200
C04406,2023-04-19,West,Consumer,Referral,42,31600
C04407,2023-08-22,Northeast,Small Business,Search,49,74900
C04408,2025-01-15,West,Consumer,Social,51,62500
C04409,2024-01-28,Midwest,Consumer,Search,33,30100
C04410,2024-04-30,South,Corporate,Referral,19,64600
C04411,2024-02-28,South,Consumer,Social,31,44800
C04412,2024-10-18,Northeast,Consumer,Referral,29,91300
C04413,2023-12-08,West,Consumer,Search,57,55300
C04414,2025-05-15,South,Consumer,Social,40,32800
C04415,2024-05-11,Northeast,Corporate,Referral,43,93200
C04416,2025-09-25,South,Small Business,Email,44,77200
C04417,2024-02-22,West,Consumer,Search,24,22000
C04418,2023-11-01,South,Small Business,Email,42,37700
C04419,2023-11-16,West,Consumer,Email,23,52600
C04420,2023-05-14,South,Corporate,Email,41,114600
C04421,2024-09-04,South,Consumer,Email,49,
C04422,2025-08-10,West,Consumer,Search,48,22200
C04423,2024-01-26,Northeast,Consumer,Email,63,93000
C04424,2025-05-08,West,Corporate,Email,23,69100
C04425,2024-11-18,South,Small Business,Search,23,69100
C04426,2025-09-29,Midwest,Consumer,Search,23,77200
C04427,2023-08-02,West,Corporate,Referral,53,113000
C04428,2024-10-04,Midwest,Small Business,Search,45,65800
C04429,2023-08-30,West,Consumer,Social,44,62500
C04430,2023-07-31,Northeast,Small Business,Search,47,66900
C04431,2023-03-08,West,Corporate,Social,46,64700
C04432,2024-07-19,South,Corporate,Search,46,99600
C04433,2025-11-11,South,Consumer,Referral,41,63300
C04434,2023-05-25,South,Corporate,Email,57,100500
C04435,2025-03-27,West,Consumer,Search,39,70600
C04436,2024-05-21,South,Corporate,Search,33,99900
C04437,2024-09-18,Midwest,Consumer,Email,33,97500
C04438,2023-12-23,West,Consumer,Search,18,80200
C04439,2025-05-18,West,Small Business,Search,18,70700
C04440,2025-05-08,West,Small Business,Social,32,81700
C04441,2025-10-22,South,Small Business,Social,25,63200
C04442,2024-04-24,West,Consumer,Social,59,95600
C04443,2023-04-27,South,Consumer,Social,49,27400
C04444,2025-06-04,West,Consumer,Referral,48,41700
C04445,2023-06-15,West,Corporate,Search,45,115000
C04446,2024-06-05,South,Small Business,Search,33,84400
C04447,2023-01-15,West,Consumer,Social,36,85300
C04448,2025-06-18,South,Small Business,Referral,57,36900
C04449,2025-03-03,South,Consumer,Referral,24,52800
C04450,2024-02-05,South,Consumer,Search,42,70500
C04451,2024-12-01,South,Small Business,Search,42,88900
C04452,2025-08-29,West,Consumer,Referral,78,70500
C04453,2025-01-15,West,Corporate,Social,38,115200
C04454,2025-10-08,South,Consumer,Email,40,45600
C04455,2024-08-03,Midwest,Corporate,Email,62,117300
C04456,2025-01-04,Midwest,Consumer,Search,46,22000
C04457,2023-02-13,Midwest,Consumer,Email,38,22400
C04458,2025-10-08,Midwest,Small Business,Referral,28,93400
C04459,2025-05-16,South,Corporate,Search,46,106400
C04460,2025-05-29,South,Consumer,Search,32,101100
C04461,2024-09-24,Northeast,Consumer,Search,37,77300
C04462,2024-07-10,West,Consumer,Search,70,59400
C04463,2023-01-13,West,Consumer,Social,28,80700
C04464,2025-07-08,South,Consumer,Email,31,73400
C04465,2023-05-08,South,Corporate,Search,36,71000
C04466,2024-01-29,West,Consumer,Search,35,54300
C04467,2025-10-13,Midwest,Consumer,Email,62,70400
C04468,2024-10-10,West,Corporate,Social,40,119900
C04469,2023-02-15,West,Corporate,Email,43,115400
C04470,2024-12-18,South,Consumer,Search,32,78700
C04471,2023-08-27,South,Corporate,Search,47,64100
C04472,2024-01-22,West,Small Business,Search,42,26200
C04473,2025-09-04,Northeast,Corporate,Social,18,64600
C04474,2023-10-04,West,Consumer,Social,38,119600
C04475,2023-06-06,Midwest,Corporate,Referral,42,86800
C04476,2024-09-25,Midwest,Consumer,Social,59,73900
C04477,2024-04-18,West,Corporate,Social,51,98900
C04478,2024-10-12,Northeast,Small Business,Email,65,62500
C04479,2024-05-30,West,Consumer,Social,31,69100
C04480,2025-07-18,South,Small Business,Referral,20,71300
C04481,2023-07-30,Northeast,Corporate,Referral,26,132200
C04482,2025-08-23,Midwest,Consumer,Referral,41,74000
C04483,2023-11-19,South,Consumer,Search,40,55100
C04484,2023-05-01,West,Consumer,Social,67,25800
C04485,2025-07-22,South,Consumer,Search,39,45400
C04486,2023-03-03,Northeast,Small Business,Social,47,83100
C04487,2023-11-15,South,Consumer,Search,18,98500
C04488,2024-04-17,West,Consumer,Social,30,69600
C04489,2024-11-25,Midwest,Consumer,Email,28,76800
C04490,2023-09-23,West,Corporate,Referral,18,41600
C04491,2023-02-24,Midwest,Consumer,Search,19,72300
C04492,2024-04-16,West,Consumer,Search,29,106300
C04493,2024-07-25,West,Consumer,Social,58,103400
C04494,2025-07-24,West,Consumer,Referral,64,64200
C04495,2024-12-24,West,Consumer,Email,51,46700
C04496,2023-11-13,West,Consumer,Search,51,61000
C04497,2023-11-26,Midwest,Corporate,Referral,45,90800
C04498,2024-09-04,Midwest,Consumer,Social,36,83100
C04499,2023-01-09,West,Consumer,Email,44,56600
C04500,2023-07-13,Northeast,Corporate,Referral,42,60900
C04501,2023-10-19,West,Consumer,Referral,32,106600
C04502,2024-10-05,West,Corporate,Social,23,91500
C04503,2023-03-15,Northeast,Consumer,Social,40,44200
C04504,2023-04-23,Northeast,Corporate,Referral,47,102600
C04505,2025-03-01,Northeast,Corporate,Email,44,67700
C04506,2023-09-15,West,Consumer,Email,37,78600
C04507,2025-02-02,West,Corporate,Search,70,104200
C04508,2025-04-19,West,Consumer,Search,49,73300
C04509,2023-09-08,West,Consumer,Search,45,22000
C04510,2024-09-16,Midwest,Consumer,Email,18,58200
C04511,2025-01-16,West,Consumer,Search,18,43100
C04512,2024-05-25,West,Corporate,Referral,28,105100
C04513,2024-08-18,Northeast,Consumer,Email,26,26400
C04514,2023-01-06,Northeast,Consumer,Social,43,63200
C04515,2023-06-12,Northeast,Corporate,Social,52,135500
C04516,2024-10-02,South,Small Business,Social,48,115300
C04517,2024-07-16,West,Corporate,Referral,18,127300
C04518,2023-06-05,West,Consumer,Social,23,70400
C04519,2025-01-20,West,Corporate,Email,56,116100
C04520,2025-06-12,West,Consumer,Email,60,65500
C04521,2025-04-07,South,Consumer,Social,44,29400
C04522,2023-10-29,West,Corporate,Referral,45,124900
C04523,2024-11-26,South,Consumer,Email,56,63300
C04524,2023-01-06,Northeast,Consumer,Social,42,100100
C04525,2025-10-17,Midwest,Corporate,Search,38,66800
C04526,2024-03-10,South,Consumer,Email,19,22000
C04527,2024-09-15,South,Consumer,Referral,29,43200
C04528,2024-08-05,West,Corporate,Referral,27,108800
C04529,2024-03-08,West,Consumer,Email,42,70500
C04530,2023-08-14,West,Corporate,Search,40,110700
C04531,2024-11-13,West,Corporate,Referral,45,128600
C04532,2023-01-12,West,Consumer,Social,44,91800
C04533,2025-06-09,South,Consumer,Search,45,69400
C04534,2023-03-02,Midwest,Corporate,Search,26,
C04535,2024-02-13,Northeast,Consumer,Search,33,55100
C04536,2024-01-09,South,Consumer,Search,47,80500
C04537,2025-10-21,West,Corporate,Social,53,101300
C04538,2024-05-05,Midwest,Consumer,Search,33,43300
C04539,2024-12-31,Northeast,Corporate,Search,36,90800
C04540,2023-06-13,South,Consumer,Referral,70,28800
C04541,2025-05-11,Northeast,Consumer,Social,43,49400
C04542,2025-03-29,South,Small Business,Social,24,79900
C04543,2024-01-21,Northeast,Corporate,Social,38,112700
C04544,2023-07-19,Northeast,Small Business,Social,41,46000
C04545,2023-08-04,South,Corporate,Social,51,78800
C04546,2025-09-14,Midwest,Corporate,Search,23,99700
C04547,2023-10-24,Northeast,Consumer,Search,49,22000
C04548,2024-11-15,West,Corporate,Social,36,114600
C04549,2025-05-17,West,Consumer,Social,18,54300
C04550,2024-10-31,West,Consumer,Search,38,65400
C04551,2023-10-08,Midwest,Consumer,Search,39,22000
C04552,2023-10-06,West,Consumer,Email,45,47400
C04553,2025-01-18,South,Consumer,Social,23,63700
C04554,2023-09-01,Northeast,Corporate,Search,38,139000
C04555,2023-03-24,Northeast,Consumer,Social,34,67500
C04556,2025-07-25,South,Small Business,Social,68,97400
C04557,2023-03-13,West,Consumer,Search,30,29000
C04558,2023-07-11,South,Consumer,Search,60,47600
C04559,2023-05-04,West,Consumer,Search,36,48400
C04560,2024-04-22,West,Consumer,Email,58,56000
C04561,2025-03-23,South,Consumer,Email,31,87900
C04562,2025-08-28,South,Consumer,Social,44,
C04563,2025-04-04,South,Consumer,Search,40,41000
C04564,2023-09-24,South,Corporate,Search,45,93600
C04565,2023-03-10,Midwest,Consumer,Search,40,52000
C04566,2024-02-26,Midwest,Corporate,Email,42,151300
C04567,2024-10-04,South,Consumer,Social,24,60000
C04568,2023-01-15,West,Corporate,Social,61,77300
C04569,2023-06-04,South,Small Business,Search,33,34200
C04570,2025-01-01,Northeast,Consumer,Search,38,102400
C04571,2024-07-24,Midwest,Corporate,Email,41,122400
C04572,2023-08-20,West,Corporate,Social,78,56800
C04573,2025-03-11,West,Consumer,Email,26,87800
C04574,2024-05-22,Midwest,Small Business,Search,39,108800
C04575,2023-02-20,Midwest,Consumer,Social,48,30900
C04576,2024-09-25,West,Consumer,Social,27,26700
C04577,2025-10-23,Northeast,Consumer,Search,25,69200
C04578,2023-09-02,West,Corporate,Referral,25,104000
C04579,2025-08-06,West,Consumer,Referral,63,64100
C04580,2025-05-01,West,Consumer,Social,31,59400
C04581,2025-01-12,West,Corporate,Referral,27,67100
C04582,2024-02-12,South,Corporate,Email,30,93300
C04583,2025-05-23,Northeast,Consumer,Search,45,43800
C04584,2024-10-24,Northeast,Consumer,Search,50,83600
C04585,2025-02-16,Northeast,Small Business,Email,45,68200
C04586,2025-10-02,Midwest,Consumer,Referral,55,41200
C04587,2024-01-14,West,Corporate,Email,32,115800
C04588,2023-12-07,Northeast,Consumer,Search,53,51800
C04589,2023-10-23,South,Consumer,Search,37,69000
C04590,2023-08-31,South,Consumer,Search,41,84500
C04591,2024-07-23,South,Consumer,Social,53,71600
C04592,2025-07-30,West,Consumer,Email,45,
C04593,2023-10-11,West,Small Business,Referral,44,
C04594,2024-08-21,Northeast,Consumer,Referral,26,112100
C04595,2024-04-16,West,Consumer,Search,51,62400
C04596,2024-02-21,West,Consumer,Email,37,63200
C04597,2023-01-07,West,Consumer,Social,32,52400
C04598,2024-05-18,South,Corporate,Search,46,84500
C04599,2024-08-03,West,Consumer,Email,35,49000
C04600,2024-08-10,Northeast,Consumer,Email,41,56500
C04601,2025-05-22,West,Small Business,Search,59,69200
C04602,2024-03-01,South,Consumer,Social,41,85100
C04603,2024-02-27,West,Consumer,Social,28,55100
C04604,2024-01-28,West,Corporate,Referral,22,96800
C04605,2025-07-29,Midwest,Small Business,Email,39,50100
C04606,2025-10-13,West,Consumer,Search,39,36800
C04607,2023-08-28,West,Consumer,Referral,18,99400
C04608,2024-03-07,South,Consumer,Email,37,31200
C04609,2023-10-05,West,Corporate,Social,40,48400
C04610,2024-09-12,West,Corporate,Referral,18,65300
C04611,2024-01-25,Northeast,Consumer,Email,27,56600
C04612,2025-10-30,Northeast,Corporate,Search,42,56900
C04613,2025-07-20,Northeast,Consumer,Search,36,61800
C04614,2025-01-17,South,Corporate,Search,47,80900
C04615,2024-12-05,Midwest,Small Business,Search,29,45600
C04616,2024-05-03,Midwest,Consumer,Search,44,81500
C04617,2023-07-23,South,Corporate,Social,56,92300
C04618,2023-02-08,Northeast,Corporate,Social,18,109900
C04619,2023-08-07,West,Small Business,Social,28,74000
C04620,2023-12-27,West,Corporate,Email,29,79800
C04621,2023-12-09,Northeast,Corporate,Search,30,124300
C04622,2024-07-30,Midwest,Consumer,Email,51,81900
C04623,2023-02-10,South,Consumer,Search,38,61200
C04624,2025-06-16,South,Corporate,Search,37,
C04625,2023-11-01,Northeast,Consumer,Search,42,77100
C04626,2023-08-12,South,Consumer,Referral,38,41500
C04627,2025-05-04,South,Consumer,Search,47,67400
C04628,2023-09-22,West,Small Business,Search,25,72600
C04629,2024-06-23,Northeast,Corporate,Search,62,97700
C04630,2024-09-04,South,Consumer,Search,24,22000
C04631,2024-03-17,South,Small Business,Search,63,44800
C04632,2023-02-22,Northeast,Consumer,Email,25,30200
C04633,2024-09-27,West,Consumer,Search,31,22000
C04634,2025-03-16,South,Corporate,Referral,65,76700
C04635,2023-02-15,West,Corporate,Referral,31,123400
C04636,2025-05-12,West,Consumer,Email,27,39500
C04637,2023-11-28,Northeast,Consumer,Social,63,22000
C04638,2024-04-16,South,Consumer,Search,47,67100
C04639,2023-10-17,South,Corporate,Email,62,91400
C04640,2024-02-01,West,Small Business,Search,32,85600
C04641,2025-10-06,Northeast,Corporate,Social,50,63900
C04642,2025-09-02,South,Consumer,Email,27,37500
C04643,2023-07-08,West,Small Business,Referral,55,69600
C04644,2024-02-24,South,Corporate,Social,40,112600
C04645,2025-06-04,West,Consumer,Referral,27,40000
C04646,2024-01-29,West,Consumer,Search,34,80600
C04647,2024-04-02,West,Corporate,Email,46,78400
C04648,2025-06-25,Northeast,Consumer,Email,18,70900
C04649,2024-03-04,West,Corporate,Search,34,121100
C04650,2025-02-20,West,Consumer,Search,46,76100
C04651,2025-10-09,Northeast,Consumer,Social,37,22700
C04652,2025-05-12,West,Consumer,Email,43,42500
C04653,2023-07-11,South,Small Business,Social,32,82600
C04654,2023-03-24,West,Corporate,Search,23,101900
C04655,2024-12-05,South,Small Business,Social,26,98800
C04656,2024-02-06,Midwest,Consumer,Referral,36,67300
C04657,2025-02-12,South,Small Business,Email,51,84300
C04658,2023-05-04,West,Corporate,Search,41,111700
C04659,2023-07-24,Midwest,Consumer,Referral,40,80600
C04660,2025-10-04,Northeast,Consumer,Search,21,91300
C04661,2023-07-26,Northeast,Consumer,Social,18,53000
C04662,2024-04-23,West,Corporate,Social,26,97100
C04663,2025-05-03,South,Consumer,Email,35,110300
C04664,2023-05-05,South,Corporate,Referral,25,86300
C04665,2023-03-11,West,Small Business,Social,31,28500
C04666,2024-11-24,West,Small Business,Referral,29,107000
C04667,2025-07-12,Northeast,Small Business,Search,44,92100
C04668,2024-09-19,Midwest,Consumer,Email,32,34500
C04669,2024-02-10,Midwest,Corporate,Search,51,54000
C04670,2023-04-10,West,Consumer,Search,57,54600
C04671,2024-04-16,Northeast,Consumer,Social,27,40400
C04672,2023-12-26,Midwest,Corporate,Email,43,111700
C04673,2024-05-19,South,Small Business,Email,49,123100
C04674,2024-01-14,Northeast,Consumer,Referral,49,
C04675,2025-10-10,West,Consumer,Search,37,41600
C04676,2024-10-02,West,Corporate,Email,70,132200
C04677,2025-05-06,South,Consumer,Social,43,22000
C04678,2024-09-19,West,Corporate,Social,47,78900
C04679,2023-06-29,West,Consumer,Email,33,31400
C04680,2024-06-08,Northeast,Corporate,Email,33,99700
C04681,2025-02-12,Northeast,Corporate,Search,67,90900
C04682,2023-03-06,West,Corporate,Search,49,
C04683,2024-10-04,Midwest,Corporate,Referral,31,
C04684,2024-04-24,West,Corporate,Referral,45,99700
C04685,2023-04-09,Midwest,Small Business,Email,46,85400
C04686,2025-01-20,West,Corporate,Email,50,67600
C04687,2024-02-15,West,Corporate,Social,52,54700
C04688,2024-10-01,Northeast,Corporate,Social,49,60300
C04689,2023-01-31,West,Corporate,Search,36,40700
C04690,2025-02-27,Midwest,Small Business,Search,42,64100
C04691,2023-02-18,West,Consumer,Search,32,22000
C04692,2025-11-03,West,Consumer,Social,62,51500
C04693,2024-03-26,Northeast,Consumer,Referral,50,66000
C04694,2023-11-02,South,Consumer,Search,39,69600
C04695,2025-01-23,Northeast,Corporate,Search,49,102100
C04696,2025-10-23,South,Consumer,Social,48,104800
C04697,2025-05-14,Midwest,Corporate,Social,34,126400
C04698,2024-11-29,Northeast,Small Business,Referral,29,67000
C04699,2025-10-08,West,Consumer,Email,53,34500
C04700,2024-08-18,Northeast,Corporate,Social,53,88700
C04701,2025-02-11,Midwest,Consumer,Referral,31,53100
C04702,2023-01-29,West,Consumer,Referral,37,36700
C04703,2025-07-29,West,Consumer,Search,42,50500
C04704,2023-08-26,South,Consumer,Search,32,83800
C04705,2025-02-24,West,Corporate,Social,65,103100
C04706,2023-08-06,South,Consumer,Social,35,68800
C04707,2024-06-10,West,Consumer,Referral,49,59200
C04708,2024-06-08,South,Small Business,Referral,64,74900
C04709,2025-05-02,West,Corporate,Search,25,145300
C04710,2023-02-24,Midwest,Corporate,Referral,22,132600
C04711,2023-11-21,West,Consumer,Referral,38,41000
C04712,2024-10-17,West,Corporate,Email,43,125900
C04713,2024-07-29,Midwest,Small Business,Email,33,121300
C04714,2024-12-04,South,Small Business,Referral,31,130700
C04715,2025-03-23,Midwest,Small Business,Email,46,85100
C04716,2025-03-25,South,Consumer,Social,20,50500
C04717,2024-08-24,South,Small Business,Email,32,96700
C04718,2023-11-17,West,Consumer,Email,48,80600
C04719,2023-02-14,Midwest,Consumer,Email,49,65700
C04720,2025-02-19,Midwest,Consumer,Email,53,85300
C04721,2023-04-17,Northeast,Consumer,Email,64,67700
C04722,2025-04-03,West,Consumer,Search,32,28600
C04723,2025-10-10,Northeast,Consumer,Referral,23,40300
C04724,2023-05-21,South,Consumer,Search,27,104500
C04725,2024-01-04,Midwest,Consumer,Search,44,
C04726,2025-02-14,West,Corporate,Search,22,135300
C04727,2024-06-23,South,Consumer,Search,36,49700
C04728,2024-03-16,West,Small Business,Search,29,102300
C04729,2024-06-13,Northeast,Consumer,Search,58,49900
C04730,2023-03-11,South,Consumer,Email,41,72000
C04731,2025-11-03,West,Consumer,Search,31,59100
C04732,2024-03-16,Northeast,Consumer,Search,24,36700
C04733,2023-09-27,Midwest,Consumer,Email,49,105700
C04734,2023-12-03,Northeast,Consumer,Search,31,50200
C04735,2024-11-19,West,Consumer,Social,57,59000
C04736,2023-01-29,South,Corporate,Social,54,103100
C04737,2023-08-06,West,Consumer,Search,38,62800
C04738,2025-11-04,South,Consumer,Search,18,29700
C04739,2025-01-10,West,Consumer,Referral,47,81500
C04740,2023-10-18,West,Small Business,Search,44,140500
C04741,2024-09-26,Northeast,Small Business,Email,18,90300
C04742,2025-06-25,West,Consumer,Search,68,89700
C04743,2024-12-09,West,Consumer,Search,18,80800
C04744,2023-03-13,South,Corporate,Search,45,30700
C04745,2023-08-26,Midwest,Corporate,Email,21,49700
C04746,2025-09-28,Midwest,Consumer,Social,58,85500
C04747,2025-01-19,West,Consumer,Email,33,74700
C04748,2023-05-22,Midwest,Consumer,Search,32,38900
C04749,2024-02-19,Midwest,Consumer,Email,64,31800
C04750,2024-11-16,Northeast,Consumer,Search,60,57600
C04751,2024-01-15,South,Consumer,Referral,55,67500
C04752,2023-03-18,South,Consumer,Referral,58,40700
C04753,2024-02-29,South,Consumer,Social,51,79300
C04754,2023-04-05,South,Corporate,Search,48,93100
C04755,2024-12-23,West,Corporate,Email,31,107900
C04756,2024-07-01,West,Corporate,Search,50,59400
C04757,2025-06-29,Northeast,Consumer,Email,44,27400
C04758,2025-08-04,West,Corporate,Email,25,105800
C04759,2025-10-16,West,Consumer,Search,48,35000
C04760,2025-05-02,Midwest,Corporate,Search,18,98200
C04761,2025-02-24,South,Consumer,Referral,39,74200
C04762,2025-06-11,South,Small Business,Email,27,56300
C04763,2023-10-30,West,Consumer,Search,59,40600
C04764,2024-12-09,Midwest,Small Business,Social,46,53500
C04765,2023-04-25,South,Small Business,Social,51,77200
C04766,2023-01-05,Midwest,Consumer,Search,39,93800
C04767,2024-11-22,Northeast,Consumer,Email,24,71700
C04768,2025-05-11,South,Corporate,Email,54,88100
C04769,2025-05-05,South,Consumer,Social,52,43700
C04770,2024-03-29,South,Corporate,Social,46,117900
C04771,2024-10-28,West,Consumer,Search,28,105200
C04772,2024-05-20,West,Small Business,Search,29,117700
C04773,2025-02-06,Midwest,Consumer,Search,18,22400
C04774,2024-10-02,Northeast,Consumer,Email,40,53500
C04775,2024-05-21,Midwest,Consumer,Email,44,44900
C04776,2023-09-08,West,Consumer,Search,67,99400
C04777,2023-06-28,West,Consumer,Email,50,36000
C04778,2023-01-04,Midwest,Corporate,Referral,29,142500
C04779,2023-12-20,Northeast,Consumer,Email,34,33600
C04780,2025-01-22,West,Consumer,Social,31,91400
C04781,2024-09-24,Midwest,Consumer,Social,31,33500
C04782,2024-06-20,Northeast,Consumer,Search,28,52200
C04783,2025-10-17,Northeast,Consumer,Search,41,34500
C04784,2025-10-07,South,Corporate,Search,54,126400
C04785,2025-08-07,Midwest,Small Business,Social,53,57900
C04786,2025-02-22,Northeast,Consumer,Search,36,82100
C04787,2023-04-06,Midwest,Corporate,Email,40,103700
C04788,2024-09-25,West,Consumer,Social,55,29800
C04789,2024-11-12,South,Consumer,Referral,32,58500
C04790,2023-12-18,Northeast,Corporate,Social,61,83700
C04791,2023-09-20,Midwest,Corporate,Referral,46,
C04792,2023-04-16,South,Consumer,Social,58,28300
C04793,2023-08-14,South,Consumer,Search,28,66500
C04794,2025-01-11,Midwest,Consumer,Search,45,64600
C04795,2025-05-29,West,Consumer,Search,25,96600
C04796,2024-12-14,South,Small Business,Referral,38,69700
C04797,2025-01-23,South,Small Business,Social,18,65700
C04798,2023-03-02,West,Corporate,Email,46,83600
C04799,2025-01-30,South,Small Business,Referral,18,54200
C04800,2025-03-08,West,Consumer,Search,51,67300
C04801,2023-02-17,Northeast,Consumer,Email,24,82500
C04802,2024-05-02,Northeast,Small Business,Social,18,72500
C04803,2024-05-24,West,Consumer,Email,40,67800
C04804,2025-10-25,Northeast,Consumer,Search,49,49000
C04805,2024-06-05,West,Consumer,Email,29,37100
C04806,2023-12-08,West,Consumer,Social,56,28800
C04807,2023-12-22,Midwest,Small Business,Search,48,65900
C04808,2023-05-09,Northeast,Small Business,Search,50,85700
C04809,2025-04-14,South,Small Business,Search,48,81200
C04810,2024-10-01,West,Corporate,Social,42,96700
C04811,2023-07-15,West,Consumer,Referral,29,119100
C04812,2024-07-12,South,Corporate,Social,26,110900
C04813,2024-06-12,South,Small Business,Search,41,98500
C04814,2024-09-09,Midwest,Consumer,Social,48,91000
C04815,2024-02-14,West,Consumer,Email,30,92300
C04816,2025-06-15,West,Consumer,Email,24,74900
C04817,2023-03-28,Midwest,Consumer,Social,47,22000
C04818,2023-02-02,Midwest,Small Business,Social,32,72900
C04819,2023-07-21,West,Corporate,Email,39,107400
C04820,2023-06-18,South,Corporate,Search,59,111100
C04821,2023-05-21,West,Consumer,Search,31,47900
C04822,2023-02-19,Midwest,Consumer,Email,56,98100
C04823,2025-08-04,South,Corporate,Social,35,130000
C04824,2025-05-03,Northeast,Consumer,Referral,22,35600
C04825,2024-08-27,Midwest,Corporate,Search,36,121700
C04826,2023-01-30,South,Corporate,Search,37,70200
C04827,2023-09-23,Northeast,Consumer,Social,51,80600
C04828,2024-10-01,Northeast,Consumer,Social,44,22000
C04829,2025-03-22,South,Corporate,Social,65,112000
C04830,2024-03-13,Northeast,Small Business,Referral,42,50200
C04831,2024-08-15,South,Small Business,Social,67,101400
C04832,2023-03-23,South,Corporate,Referral,18,76700
C04833,2025-07-21,Midwest,Consumer,Social,49,66400
C04834,2023-08-17,South,Corporate,Social,37,63300
C04835,2024-09-17,Northeast,Consumer,Referral,51,36200
C04836,2025-10-12,South,Consumer,Search,45,37400
C04837,2025-10-14,South,Small Business,Search,32,74300
C04838,2024-06-01,Midwest,Corporate,Search,61,101100
C04839,2023-09-09,South,Corporate,Search,30,102200
C04840,2023-10-23,Midwest,Consumer,Email,30,98600
C04841,2024-07-13,Midwest,Consumer,Referral,48,45000
C04842,2023-10-06,Northeast,Corporate,Search,31,96800
C04843,2024-04-17,Midwest,Consumer,Search,60,34800
C04844,2024-03-17,South,Consumer,Email,35,54400
C04845,2024-12-05,Midwest,Consumer,Social,59,86600
C04846,2024-07-24,Northeast,Consumer,Referral,56,68400
C04847,2023-01-24,Northeast,Consumer,Email,54,59500
C04848,2023-10-10,Northeast,Small Business,Referral,22,97900
C04849,2025-09-08,Northeast,Small Business,Search,47,37500
C04850,2024-03-27,Northeast,Corporate,Email,51,93100
C04851,2023-06-07,West,Consumer,Search,38,79600
C04852,2023-11-15,Midwest,Corporate,Referral,50,113200
C04853,2024-07-02,West,Consumer,Social,58,22000
C04854,2024-06-07,South,Small Business,Social,37,94300
C04855,2025-06-29,Northeast,Small Business,Email,24,100300
C04856,2023-02-22,South,Corporate,Email,66,102300
C04857,2024-06-29,South,Consumer,Search,50,22000
C04858,2025-08-16,Midwest,Consumer,Social,28,24900
C04859,2025-04-09,West,Small Business,Search,26,61700
C04860,2024-05-05,Midwest,Consumer,Social,27,82300
C04861,2023-08-31,West,Small Business,Search,39,49100
C04862,2025-10-12,Midwest,Consumer,Search,22,38700
C04863,2025-03-31,Northeast,Corporate,Search,21,110700
C04864,2023-03-29,South,Consumer,Referral,52,50200
C04865,2025-06-10,Northeast,Consumer,Social,19,32100
C04866,2023-01-28,Midwest,Consumer,Referral,31,94200
C04867,2024-04-11,South,Small Business,Referral,29,27800
C04868,2025-10-12,South,Consumer,Search,41,45500
C04869,2025-10-31,West,Consumer,Search,54,34100
C04870,2023-02-24,South,Consumer,Email,67,102100
C04871,2024-08-23,Midwest,Small Business,Email,37,70600
C04872,2025-06-22,South,Small Business,Social,40,98200
C04873,2025-05-19,South,Consumer,Referral,35,62600
C04874,2023-06-29,West,Consumer,Search,18,95700
C04875,2025-09-26,Northeast,Consumer,Social,50,46900
C04876,2023-02-23,Northeast,Consumer,Search,32,88200
C04877,2025-09-17,South,Corporate,Email,24,97600
C04878,2025-11-08,South,Corporate,Search,40,84800
C04879,2023-06-23,South,Small Business,Social,38,85200
C04880,2025-04-27,Northeast,Consumer,Email,58,42000
C04881,2025-10-22,Midwest,Consumer,Search,41,95300
C04882,2024-10-20,West,Consumer,Social,31,75500
C04883,2023-10-04,West,Corporate,Social,47,126100
C04884,2024-05-05,Northeast,Consumer,Social,49,50500
C04885,2025-04-03,Northeast,Corporate,Email,32,132700
C04886,2024-09-28,Northeast,Consumer,Email,47,69200
C04887,2024-05-17,West,Consumer,Email,48,60400
C04888,2024-06-02,South,Consumer,Referral,37,54500
C04889,2025-02-28,South,Consumer,Referral,38,65300
C04890,2023-06-16,Midwest,Small Business,Email,37,115900
C04891,2023-12-28,Midwest,Consumer,Search,50,96300
C04892,2023-04-01,South,Consumer,Search,48,44800
C04893,2023-11-26,South,Corporate,Email,31,81900
C04894,2024-07-31,West,Consumer,Search,31,86600
C04895,2025-06-28,West,Consumer,Email,29,45500
C04896,2023-06-25,West,Small Business,Email,57,70900
C04897,2025-09-21,West,Small Business,Search,61,102200
C04898,2024-03-25,South,Consumer,Referral,26,89900
C04899,2024-11-14,West,Corporate,Social,31,141600
C04900,2025-05-21,South,Consumer,Email,36,41000
C04901,2023-06-01,West,Consumer,Search,53,44400
C04902,2024-02-17,West,Small Business,Search,44,76300
C04903,2023-04-29,West,Small Business,Search,29,104100
C04904,2024-08-30,West,Consumer,Social,28,47700
C04905,2023-06-02,South,Consumer,Email,29,55800
C04906,2023-08-26,West,Small Business,Email,27,57900
C04907,2023-06-19,Midwest,Consumer,Email,18,68300
C04908,2025-08-21,West,Consumer,Email,42,83800
C04909,2024-03-24,Northeast,Consumer,Referral,24,71500
C04910,2024-06-10,West,Corporate,Referral,36,102800
C04911,2023-01-07,West,Consumer,Search,64,89800
C04912,2023-06-02,Midwest,Consumer,Email,32,41900
C04913,2023-09-04,West,Corporate,Email,28,84500
C04914,2024-06-22,West,Consumer,Social,39,89100
C04915,2025-10-17,Midwest,Consumer,Search,26,72500
C04916,2024-03-14,Northeast,Corporate,Referral,18,89800
C04917,2024-11-15,South,Consumer,Social,41,33100
C04918,2025-02-11,Northeast,Small Business,Email,54,102100
C04919,2024-04-27,Midwest,Consumer,Search,28,45600
C04920,2024-02-29,West,Consumer,Search,41,22000
C04921,2025-11-06,Northeast,Consumer,Email,34,89100
C04922,2023-10-10,South,Corporate,Social,40,105700
C04923,2024-04-21,West,Consumer,Search,58,96000
C04924,2023-05-12,South,Consumer,Email,49,57800
C04925,2024-06-18,Midwest,Corporate,Email,44,90400
C04926,2025-10-03,South,Consumer,Social,26,67100
C04927,2023-08-01,West,Corporate,Social,48,132400
C04928,2025-04-12,Northeast,Corporate,Referral,18,58300
C04929,2025-01-25,Northeast,Corporate,Search,36,88200
C04930,2023-06-22,West,Small Business,Email,41,79000
C04931,2025-10-20,South,Corporate,Search,56,86400
C04932,2025-02-12,South,Small Business,Search,21,
C04933,2025-05-04,Northeast,Corporate,Email,18,
C04934,2024-01-14,West,Small Business,Social,52,95900
C04935,2023-02-01,Midwest,Small Business,Email,54,84800
C04936,2025-02-10,Northeast,Consumer,Search,48,99800
C04937,2025-10-04,West,Consumer,Search,54,72900
C04938,2023-02-08,Northeast,Corporate,Email,29,
C04939,2023-07-13,Northeast,Consumer,Email,43,73400
C04940,2023-12-28,Midwest,Small Business,Search,46,76700
C04941,2024-05-30,Midwest,Consumer,Social,52,53900
C04942,2024-09-12,Northeast,Corporate,Social,46,119600
C04943,2024-10-17,South,Small Business,Email,24,77100
C04944,2023-02-11,Northeast,Small Business,Email,24,100100
C04945,2023-09-23,Midwest,Corporate,Referral,38,86600
C04946,2023-07-08,Northeast,Corporate,Social,41,74700
C04947,2025-06-17,South,Consumer,Referral,52,73000
C04948,2023-09-19,West,Consumer,Social,44,86200
C04949,2024-10-17,Northeast,Corporate,Search,29,111400
C04950,2025-01-14,Midwest,Small Business,Social,44,86900
C04951,2025-08-26,Northeast,Small Business,Referral,31,51500
C04952,2024-10-11,West,Small Business,Search,18,69600
C04953,2025-10-18,South,Small Business,Social,43,69200
C04954,2024-04-16,West,Small Business,Search,57,58800
C04955,2023-11-07,South,Small Business,Referral,50,121900
C04956,2023-03-18,Midwest,Consumer,Referral,37,93400
C04957,2024-08-20,West,Consumer,Social,20,50900
C04958,2025-09-14,Midwest,Small Business,Email,26,113100
C04959,2023-03-08,West,Consumer,Email,29,75500
C04960,2024-06-16,South,Consumer,Referral,25,86100
C04961,2023-08-17,Northeast,Corporate,Search,65,111800
C04962,2023-07-07,West,Corporate,Referral,26,106700
C04963,2023-11-30,West,Consumer,Social,18,61700
C04964,2023-07-21,South,Corporate,Social,36,73900
C04965,2023-05-12,South,Consumer,Referral,41,46500
C04966,2023-09-22,South,Corporate,Social,28,131100
C04967,2025-07-16,West,Consumer,Referral,18,77800
C04968,2023-08-04,Midwest,Consumer,Social,28,46000
C04969,2025-03-15,Midwest,Consumer,Search,53,63900
C04970,2025-08-10,Midwest,Consumer,Search,40,79300
C04971,2025-03-19,South,Corporate,Social,37,85400
C04972,2024-05-23,Northeast,Corporate,Email,57,113800
C04973,2025-03-20,Northeast,Corporate,Email,42,71000
C04974,2025-02-09,Northeast,Consumer,Search,75,87000
C04975,2025-11-03,Midwest,Consumer,Search,48,49300
C04976,2023-12-06,West,Corporate,Search,34,119300
C04977,2023-04-07,Northeast,Corporate,Social,37,147300
C04978,2025-08-25,Northeast,Consumer,Email,32,96500
C04979,2024-10-29,West,Consumer,Social,40,68600
C04980,2024-02-06,South,Small Business,Email,39,117300
C04981,2025-10-12,South,Consumer,Search,24,69700
C04982,2025-04-20,West,Corporate,Search,18,92700
C04983,2024-01-26,South,Consumer,Email,18,24900
C04984,2024-08-02,South,Corporate,Email,43,63100
C04985,2024-04-16,Midwest,Consumer,Search,57,74800
C04986,2024-09-29,Northeast,Consumer,Email,45,84800
C04987,2024-12-25,West,Consumer,Social,46,70100
C04988,2023-09-14,Northeast,Corporate,Search,47,126700
C04989,2024-06-23,Northeast,Consumer,Social,60,90900
C04990,2023-07-24,Midwest,Corporate,Email,45,120000
C04991,2024-10-05,Midwest,Consumer,Search,58,82300
C04992,2025-09-05,South,Corporate,Social,39,119800
C04993,2023-01-11,West,Corporate,Search,18,75100
C04994,2024-10-10,Midwest,Small Business,Referral,56,80000
C04995,2025-01-25,Northeast,Consumer,Social,38,46400
C04996,2023-02-05,South,Consumer,Social,45,67900
C04997,2025-10-21,Northeast,Consumer,Search,40,22000
C04998,2025-05-08,Midwest,Small Business,Email,45,84800
C04999,2024-10-14,West,Consumer,Search,25,28900
C05000,2024-04-11,South,Corporate,Social,20,100800
